s,x_0,x_1,p_0,res,arc_err,curv,tangent_cos,sigma_min,tau,bif_flag,stable
0.0,0.042832755,-0.0010925047,0.050109535,0.0011360958,0.0014319746,0.19937812,1.0,0.035555974,,0,1
0.015025042,0.042271517,-0.0010997616,0.034547508,0.0011472059,0.0012242218,0.19438875,0.99999976,0.049995527,,0,1
0.030050084,0.041702643,-0.0011003055,0.019028217,0.001450793,0.0010369001,0.18915868,0.9999998,0.06437707,,0,1
0.045075126,0.041126825,-0.0010945015,0.0035504699,0.001893722,0.00086930825,0.18369626,0.9999999,0.07870318,,0,1
0.060100168,0.040544614,-0.0010827966,-0.011886597,0.0023856838,0.0007204289,0.17801121,0.99999976,0.092975825,,0,1
0.07512521,0.03995677,-0.0010654703,-0.027284294,0.0028902902,0.000589244,0.17211437,0.9999998,0.107197836,,0,1
0.09015025,0.039363913,-0.0010429733,-0.042643875,0.003392452,0.0004748157,0.1660186,0.9999998,0.1213717,,0,1
0.105175294,0.0387666,-0.0010157041,-0.05796656,0.0038851346,0.0003759762,0.1597374,0.9999999,0.13549976,,0,1
0.120200336,0.038165577,-0.0009839945,-0.073253736,0.0043647448,0.00029165138,0.15328564,0.9999999,0.14958489,,0,1
0.13522539,0.037561417,-0.0009483546,-0.08850637,0.004829316,0.00022068954,0.14667992,1.0,0.1636292,,0,1
0.15025042,0.036954798,-0.0009090733,-0.10372637,0.0052777263,0.0001620044,0.13993806,0.99999994,0.17763597,,0,1
0.16527545,0.036346234,-0.0008665435,-0.11891502,0.005709306,0.00011440811,0.13307922,0.9999998,0.19160749,,0,1
0.1803005,0.03573639,-0.0008211918,-0.13407385,0.006123716,7.678521e-05,0.12612432,0.99999994,0.20554663,,0,1
0.19532555,0.035125926,-0.0007733386,-0.1492042,0.006520786,4.8019854e-05,0.11909562,0.99999994,0.21945605,,0,1
0.21035059,0.034515284,-0.0007233452,-0.1643078,0.006900453,2.7040296e-05,0.11201716,1.0,0.23333837,,0,1
0.22537562,0.033905067,-0.0006716233,-0.17938629,0.007262778,1.27718695e-05,0.10491574,1.0,0.24719642,,0,1
0.24040067,0.033295907,-0.0006184578,-0.19444105,0.007607888,4.2153906e-06,0.097818576,0.99999994,0.26103288,,0,1
0.25542572,0.03268829,-0.0005641822,-0.20947394,0.00793595,4.0933924e-07,0.09075796,0.9999999,0.27485052,,0,1
0.27045077,0.032082707,-0.0005091466,-0.2244862,0.008247157,4.4326816e-07,0.0837686,1.0,0.28865162,,0,1
0.2854758,0.031479627,-0.00045367703,-0.23947975,0.008541756,3.4778898e-06,0.07688955,1.0,0.302439,,0,1
0.30050084,0.030879693,-0.00039808638,-0.25445634,0.008820077,8.736016e-06,0.07016767,1.0,0.31621572,,0,1
0.3155259,0.030283092,-0.00034260377,-0.26941764,0.009082329,1.5512222e-05,0.063658014,0.99999994,0.32998383,,0,1
0.3305509,0.029690528,-0.00028749928,-0.28436506,0.009328907,2.317889e-05,0.057427254,0.99999994,0.34374613,,0,1
0.34557596,0.029102257,-0.00023319013,-0.29930016,0.009560096,3.1185733e-05,0.051560372,0.99999994,0.35750467,,0,1
0.360601,0.028518757,-0.00017964654,-0.31422436,0.009776259,3.9042683e-05,0.046164744,1.0,0.37126186,,0,1
0.37562606,0.027940297,-0.00012741983,-0.32914037,0.009977753,4.6379475e-05,0.041377787,1.0,0.38502097,,0,1
0.3906511,0.027367366,-7.6392666e-05,-0.34404814,0.010164951,5.283006e-05,0.037367303,0.9999999,0.39878288,,0,1
0.40567613,0.026800325,-2.701953e-05,-0.3589503,0.010338278,5.817674e-05,0.03432131,0.99999994,0.41255093,,0,1
0.42070118,0.026239244,2.05338e-05,-0.373848,0.010498006,6.223119e-05,0.032410033,0.99999994,0.42632648,,0,1
0.43572623,0.025684642,6.6280365e-05,-0.38874283,0.010644628,6.487297e-05,0.03172389,0.9999999,0.4401121,,0,1
0.45075125,0.025136745,0.0001098495,-0.4036361,0.010778513,6.6069995e-05,0.032218497,0.9999999,0.45390958,,0,1
0.4657763,0.024595736,0.0001511313,-0.4185289,0.010900024,6.580766e-05,0.03371964,0.9999998,0.4677204,,0,1
0.48080134,0.024061834,0.0001901947,-0.4334232,0.011009571,6.4177766e-05,0.035982136,0.9999999,0.48154685,,0,1
0.4958264,0.023535358,0.0002267845,-0.4483198,0.011107596,6.126634e-05,0.03876025,0.9999998,0.4953905,,0,1
0.51085144,0.023016313,0.00026081875,-0.46322015,0.011194409,5.7211517e-05,0.041845948,0.99999976,0.5092528,,0,1
0.52587646,0.022505073,0.00029209256,-0.47812513,0.011270505,5.2225274e-05,0.045078713,0.9999998,0.52313524,,0,1
0.54090154,0.022001507,0.0003207121,-0.49303612,0.011336141,4.6477762e-05,0.048340596,0.9999998,0.53703916,,0,1
0.55592656,0.021506032,0.00034656376,-0.50795406,0.0113918595,4.0219373e-05,0.05154478,0.99999976,0.55096614,,0,1
0.5709516,0.02101866,0.0003697481,-0.5228796,0.011437991,3.367745e-05,0.054628707,0.99999976,0.5649169,,0,1
0.58597666,0.02053942,0.00038994104,-0.537814,0.011474883,2.7120941e-05,0.05754777,0.9999999,0.5788929,,0,1
0.6010017,0.020068357,0.00040742755,-0.5527584,0.0115029095,2.0776151e-05,0.060267467,0.9999999,0.5928951,,0,1
0.6160267,0.019605478,0.0004218947,-0.5677128,0.011522382,1.4886694e-05,0.062763415,0.9999998,0.60692376,,0,1
0.6310518,0.019151228,0.0004335884,-0.58267844,0.01153393,9.701358e-06,0.06501835,0.99999976,0.6209809,,0,1
0.6460768,0.018705038,0.00044258125,-0.59765565,0.011537542,5.4330912e-06,0.06701945,0.9999998,0.63506573,,0,1
0.6611018,0.018267369,0.00044868328,-0.6126454,0.011533846,2.2846752e-06,0.06875804,0.9999999,0.6491801,,0,1
0.6761269,0.017837843,0.00045196153,-0.6276484,0.011522949,4.3765098e-07,0.070228696,0.9999999,0.6633241,,0,1
0.6911519,0.017416868,0.0004526656,-0.6426637,0.011505445,4.6248033e-08,0.07142898,0.9999999,0.67749745,,0,1
0.706177,0.017003976,0.00045078248,-0.65769315,0.011481388,1.2396924e-06,0.07235803,0.9999998,0.6917011,,0,1
0.721202,0.016599422,0.00044619106,-0.6727363,0.01145127,4.1161225e-06,0.07301803,0.9999998,0.7059351,,0,1
0.73622704,0.01620295,0.00043920986,-0.68779373,0.011415276,8.745884e-06,0.07341068,0.9999998,0.72019964,,0,1
0.7512521,0.015814815,0.00042965077,-0.7028653,0.011373911,1.51685845e-05,0.07354183,0.9999998,0.7344949,,0,1
0.76627713,0.015434485,0.00041798502,-0.71795094,0.01132714,2.3393459e-05,0.07341747,0.9999998,0.7488199,,0,1
0.7813022,0.015062241,0.00040381774,-0.7330513,0.0112755,3.3395787e-05,0.0730432,0.9999999,0.7631758,,0,1
0.79632723,0.014697744,0.00038762018,-0.7481661,0.011219075,4.512565e-05,0.072427236,0.9999998,0.77756155,,0,1
0.81135225,0.014341252,0.0003694147,-0.7632946,0.011158388,5.850818e-05,0.07157944,0.99999976,0.7919771,,0,1
0.82637733,0.013992215,0.00034927018,-0.7784375,0.0110933455,7.343597e-05,0.07050843,0.99999994,0.80642194,,0,1
0.84140235,0.013650836,0.00032731146,-0.79359436,0.011024432,8.977097e-05,0.069225214,0.99999994,0.820896,,0,1
0.8564274,0.013316724,0.00030372106,-0.8087642,0.010951637,0.000107369175,0.06774062,0.9999999,0.83539766,,0,1
0.87145245,0.012989992,0.00027852133,-0.82394826,0.010875388,0.00012608862,0.0660653,0.9999998,0.84992826,,0,1
0.8864775,0.0126705,0.0002518203,-0.8391454,0.010795871,0.00014570361,0.0642136,0.9999999,0.8644864,,0,1
0.9015025,0.012357974,0.00022375211,-0.8543547,0.010713149,0.00016602564,0.06219697,0.9999999,0.87907064,,0,1
0.91652757,0.012052316,0.00019444898,-0.8695756,0.010627437,0.00018687779,0.060028758,0.99999994,0.8936803,,0,1
0.9315526,0.011753671,0.00016414933,-0.8848089,0.010539179,0.00020799234,0.057723634,1.0,0.90831625,,0,1
0.94657767,0.011461403,0.0001327619,-0.9000531,0.010448079,0.00022920688,0.055294916,1.0,0.9229759,,0,1
0.9616027,0.011175819,0.00010080263,-0.91530836,0.01035471,0.0002502393,0.05275935,0.99999994,0.93766,,0,1
0.9766277,0.010896523,6.7850575e-05,-0.93057334,0.010258973,0.00027092182,0.05013243,0.99999994,0.9523664,,0,1
0.9916528,0.010623336,3.4365803e-05,-0.9458477,0.0101609705,0.0002910328,0.047431428,1.0,0.96709436,,0,1
1.0066779,0.010356395,3.3900142e-07,-0.9611311,0.010061108,0.00031034983,0.04467503,0.99999994,0.9818439,,0,1
1.0217029,0.010095164,-3.4078956e-05,-0.97642237,0.009959116,0.00032870786,0.04188426,1.0,0.99661267,,0,1
1.0367279,0.00983998,-6.873347e-05,-0.9917213,0.009855581,0.00034587528,0.039082173,0.9999999,1.0,,0,1
1.0517529,0.009590324,-0.00010335818,-1.0070269,0.009750237,0.00036171358,0.036295336,0.9999998,1.0,,0,1
1.066778,0.0093461,-0.00013793632,-1.0223386,0.009643215,0.0003760548,0.033556186,0.9999998,1.0,,0,1
1.0818031,0.00910729,-0.00017274357,-1.0376561,0.009534742,0.00038873573,0.03090126,0.9999999,1.0,,0,1
1.0968281,0.008873789,-0.0002070833,-1.0529777,0.009424921,0.00039970843,0.028377883,1.0,1.0,,0,1
1.1118531,0.008645354,-0.00024110451,-1.0683029,0.00931372,0.0004088067,0.026043672,0.99999994,1.0,,0,1
1.1268781,0.008421956,-0.00027487613,-1.0836314,0.009201331,0.00041594796,0.023969056,1.0,1.0,,0,1
1.1419032,0.008203568,-0.0003080964,-1.0989623,0.009087934,0.00042111328,0.022237398,0.99999994,1.0,,0,1
1.1569282,0.007989576,-0.00034079514,-1.114295,0.008973052,0.00042422581,0.020938948,1.0,1.0,,0,1
1.1719533,0.0077803656,-0.0003724899,-1.129628,0.008857288,0.00042527242,0.020156825,1.0,1.0,,0,1
1.1869783,0.007575562,-0.00040376186,-1.1449617,0.008740448,0.00042424546,0.019944832,0.99999994,1.0,,0,1
1.2020034,0.007375123,-0.00043410622,-1.160294,0.008622638,0.0004211671,0.020308997,0.9999999,1.0,,0,1
1.2170284,0.0071790777,-0.00046315044,-1.1756256,0.008504068,0.00041611816,0.02120375,0.9999999,1.0,,0,1
1.2320534,0.0069871657,-0.0004915837,-1.1909547,0.008384641,0.00040911045,0.022547066,0.9999999,1.0,,0,1
1.2470785,0.0067991167,-0.0005187355,-1.2062812,0.008264171,0.00040019475,0.02424298,1.0,1.0,,0,1
1.2621036,0.0066151638,-0.0005446896,-1.2216034,0.008143104,0.00038951173,0.026201775,1.0,1.0,,0,1
1.2771286,0.0064347107,-0.00056957453,-1.2369213,0.008020885,0.0003771699,0.028346255,0.99999994,1.0,,0,1
1.2921536,0.0062583126,-0.0005930066,-1.2522342,0.0078983335,0.00036327058,0.03061458,0.9999999,1.0,,0,1
1.3071786,0.0060854256,-0.0006151423,-1.2675416,0.0077749356,0.00034795352,0.03295868,0.9999999,1.0,,0,1
1.3222036,0.005916139,-0.0006359201,-1.2828428,0.0076509505,0.00033134993,0.0353423,0.99999994,1.0,,0,1
1.3372288,0.0057500936,-0.0006552357,-1.2981371,0.0075260503,0.0003136515,0.037736576,1.0,1.0,,0,1
1.3522538,0.005587751,-0.0006730277,-1.3134239,0.0074009737,0.0002950038,0.040119953,1.0,1.0,,0,1
1.3672788,0.005428387,-0.0006892439,-1.3287013,0.0072748964,0.00027558417,0.042474378,0.99999994,1.0,,0,1
1.3823038,0.0052723642,-0.0007039346,-1.3439702,0.0071484423,0.00025556635,0.044786505,0.99999994,1.0,,0,1
1.3973289,0.005119607,-0.0007170886,-1.3592299,0.0070216455,0.00023515015,0.04704562,0.9999999,1.0,,0,1
1.412354,0.004969593,-0.0007286221,-1.3744794,0.006893913,0.00021450338,0.049242254,0.9999999,1.0,,0,1
1.427379,0.0048226453,-0.0007383507,-1.3897187,0.0067657866,0.0001938181,0.051369652,1.0,1.0,,0,1
1.442404,0.0046786666,-0.0007465035,-1.4049462,0.0066372785,0.00017332342,0.053422105,1.0,1.0,,0,1
1.457429,0.004537573,-0.0007529408,-1.4201628,0.006508382,0.00015315236,0.055394277,0.99999994,1.0,,0,1
1.4724541,0.004399253,-0.00075786933,-1.4353664,0.0063790726,0.00013351702,0.057282805,1.0,1.0,,0,1
1.4874792,0.0042634513,-0.0007609129,-1.4505583,0.006249061,0.00011460711,0.059084058,1.0,1.0,,0,1
1.5025042,0.0041304193,-0.0007623285,-1.465737,0.006118843,9.659605e-05,0.060796227,1.0,1.0,,0,1
1.5175292,0.004000077,-0.00076171197,-1.4809024,0.0059883664,7.964217e-05,0.062416565,0.99999994,1.0,,0,1
1.5325543,0.003872266,-0.000759786,-1.4960536,0.0058575966,6.393161e-05,0.06394468,1.0,1.0,,0,1
1.5475793,0.0037469715,-0.00075614825,-1.5111917,0.005726573,4.9608945e-05,0.06537842,1.0,1.0,,0,1
1.5626044,0.003624158,-0.0007505659,-1.5263155,0.005595312,3.6836434e-05,0.06671736,1.0,1.0,,0,1
1.5776294,0.003503846,-0.00074344315,-1.541424,0.005464003,2.575419e-05,0.0679618,1.0,1.0,,0,1
1.5926545,0.0033859406,-0.0007343702,-1.5565163,0.005332545,1.6505146e-05,0.06911157,1.0,1.0,,0,1
1.6076795,0.0032701716,-0.00072400086,-1.5715944,0.005200718,9.193559e-06,0.07016597,0.9999998,1.0,,0,1
1.6227045,0.0031565502,-0.00071169063,-1.5866569,0.00506854,3.944776e-06,0.071126685,0.9999999,1.0,,0,1
1.6377295,0.00304541,-0.00069789216,-1.6017034,0.004936697,8.559641e-07,0.071992956,0.99999994,1.0,,0,1
1.6527547,0.0029365923,-0.0006825626,-1.6167337,0.004805038,2.1797778e-08,0.07276775,0.99999994,1.0,,0,1
1.6677797,0.0028295852,-0.0006653704,-1.6317482,0.004672792,1.5183336e-06,0.07345007,0.9999999,1.0,,0,1
1.6828047,0.0027250834,-0.0006466117,-1.6467457,0.0045412155,5.4161546e-06,0.07404214,0.9999999,1.0,,0,1
1.6978297,0.0026227208,-0.00062660687,-1.6617274,0.0044098706,1.1771504e-05,0.07454504,1.0,1.0,,0,1
1.7128547,0.0025221491,-0.0006048791,-1.6766917,0.0042782044,2.062916e-05,0.07496028,1.0,1.0,,0,1
1.7278799,0.002423714,-0.0005817991,-1.6916407,0.0041469424,3.2031523e-05,0.07528932,1.0,1.0,,0,1
1.7429049,0.0023273611,-0.00055712834,-1.706571,0.0040160553,4.5986566e-05,0.07553429,1.0,1.0,,0,1
1.7579299,0.0022329902,-0.00053121895,-1.7214854,0.003885531,6.2519284e-05,0.07569631,0.99999994,1.0,,0,1
1.772955,0.0021407166,-0.0005037561,-1.7363838,0.003755627,8.161922e-05,0.07577755,0.9999999,1.0,,0,1
1.78798,0.0020503057,-0.0004751403,-1.7512637,0.0036260942,0.000103284336,0.07577996,0.99999994,1.0,,0,1
1.803005,0.0019616326,-0.0004453417,-1.7661276,0.003496816,0.00012748191,0.07570598,0.99999994,1.0,,0,1
1.8180301,0.0018751519,-0.00041392818,-1.7809736,0.00336864,0.00015421935,0.07555674,0.99999994,1.0,,0,1
1.8330551,0.0017904527,-0.00038164295,-1.7958037,0.0032410552,0.0001834115,0.07533468,1.0,1.0,,0,1
1.8480802,0.0017077317,-0.00034816377,-1.8106169,0.0031144859,0.00021502923,0.07504229,1.0,1.0,,0,1
1.8631052,0.0016265269,-0.00031335466,-1.825413,0.0029882041,0.0002490207,0.07468129,1.0,1.0,,0,1
1.8781302,0.0015472537,-0.00027740933,-1.8401922,0.002863109,0.00028530395,0.07425454,0.99999994,1.0,,0,1
1.8931553,0.0014697751,-0.00024067052,-1.8549547,0.00273912,0.00032382217,0.07376354,0.9999999,1.0,,0,1
1.9081804,0.0013942579,-0.00020289794,-1.869701,0.0026166677,0.00036448942,0.07321045,0.99999994,1.0,,0,1
1.9232054,0.0013202596,-0.00016413815,-1.8844303,0.002495085,0.00040719818,0.07259788,1.0,1.0,,0,1
1.9382304,0.0012482749,-0.00012429431,-1.8991439,0.0023754658,0.0004518923,0.071928054,1.0,1.0,,0,1
1.9532554,0.0011777217,-8.384697e-05,-1.9138422,0.0022569185,0.0004984845,0.07120245,0.99999994,1.0,,0,1
1.9682806,0.0011090292,-4.240498e-05,-1.9285228,0.0021404382,0.0005467852,0.07042469,1.0,1.0,,0,1
1.9833056,0.0010420177,-4.0978193e-07,-1.9431887,0.0020259228,0.00059676846,0.06959582,1.0,1.0,,0,1
1.9983306,0.000976569,4.248321e-05,-1.9578385,0.0019133899,0.0006482726,0.06871835,0.99999994,1.0,,0,1
2.0133557,0.0009131124,8.584745e-05,-1.9724739,0.0018039681,0.0007012135,0.06779442,1.0,1.0,,0,1
2.0283806,0.0008509001,0.00012993626,-1.9870931,0.0016965248,0.0007554587,0.06682632,1.0,1.0,,0,1
2.0434058,0.00079040974,0.00017446466,-2.001697,0.0015923718,0.000810886,0.065816164,1.0,1.0,,0,1
2.0584307,0.0007313201,0.00021981448,-2.016287,0.0014913743,0.00086737616,0.06476571,1.0,1.0,,0,1
2.0734558,0.0006742403,0.00026560389,-2.0308623,0.0013952575,0.00092478207,0.06367768,1.0,1.0,,0,1
2.088481,0.00061846245,0.0003118012,-2.0454226,0.0013032483,0.000982973,0.06255385,1.0,1.0,,0,1
2.1035058,0.00056429394,0.00035806932,-2.0599697,0.0012166321,0.0010418771,0.06139578,1.0,1.0,,0,1
2.118531,0.00051156804,0.00040495768,-2.074503,0.0011361323,0.0011013395,0.06020548,1.0,1.0,,0,1
2.133556,0.00046044867,0.00045216456,-2.0890217,0.0010630558,0.0011611843,0.058985822,1.0,1.0,,0,1
2.148581,0.00041093584,0.0004994534,-2.1035285,0.0009984786,0.0012213329,0.057737987,1.0,1.0,,1,1
2.1636062,0.0003629364,0.00054723397,-2.1180224,0.00094370486,0.0012816812,0.056463514,1.0,1.0,,0,1
2.178631,0.00031610206,0.0005947808,-2.1325026,0.0008990518,0.0013420039,0.05516539,1.0,1.0,,0,1
2.1936562,0.00027073734,0.00064269267,-2.1469705,0.0008666073,0.0014022716,0.05384449,1.0,1.0,,0,1
2.208681,0.00022688508,0.0006903885,-2.161427,0.00084686157,0.0014623352,0.05250284,1.0,1.0,,0,1
2.2237062,0.000184807,0.0007385891,-2.1758716,0.0008409749,0.0015220629,0.051142123,1.0,1.0,,0,1
2.2387311,0.00014362391,0.00078668445,-2.1903043,0.00084725796,0.0015813785,0.049763944,1.0,1.0,,0,1
2.2537563,0.00010396261,0.0008342834,-2.2047274,0.0008651998,0.0016401281,0.04837009,0.99999994,1.0,,0,1
2.2687814,6.581005e-05,0.00088217016,-2.219138,0.00089417765,0.0016982147,0.046962075,0.99999994,1.0,,0,1
2.2838063,2.8891489e-05,0.000929798,-2.2335386,0.0009320346,0.0017554734,0.045541998,1.0,1.0,,0,1
2.2988315,-6.568618e-06,0.0009773672,-2.2479286,0.0009774787,0.0018118696,0.044110727,1.0,1.0,,0,1
2.3138564,-4.099682e-05,0.0010244753,-2.262309,0.0010286649,0.0018673333,0.042669788,1.0,1.0,,0,1
2.3288815,-7.388182e-05,0.0010714522,-2.27668,0.001084574,0.0019216626,0.04122129,1.0,1.0,,0,1
2.3439066,-0.00010542199,0.0011184383,-2.291042,0.0011442176,0.001974858,0.03976591,1.0,1.0,,0,1
2.3589315,-0.00013582967,0.0011645947,-2.3053946,0.0012059546,0.0020267507,0.0383056,0.99999994,1.0,,0,1
2.3739567,-0.00016479008,0.0012106746,-2.3197389,0.0012695837,0.002077327,0.03684162,1.0,1.0,,0,1
2.3889816,-0.00019275676,0.0012565143,-2.334075,0.0013346208,0.0021264541,0.0353754,1.0,1.0,,0,1
2.4040067,-0.00021952111,0.0013015494,-2.3484035,0.0013999094,0.0021741036,0.033907592,1.0,1.0,,0,1
2.4190319,-0.00024493784,0.0013464037,-2.3627238,0.0014654866,0.0022201797,0.032440603,1.0,1.0,,0,1
2.4340568,-0.00026930496,0.0013905931,-2.3770366,0.0015308316,0.0022645714,0.030975277,1.0,1.0,,0,1
2.449082,-0.00029239617,0.001434397,-2.3913436,0.0015957077,0.0023073065,0.029512964,0.99999994,1.0,,0,1
2.4641068,-0.00031456165,0.001477805,-2.405643,0.0016602372,0.0023482337,0.028054925,0.99999994,1.0,,0,1
2.479132,-0.00033559743,0.0015202342,-2.4199376,0.0017235068,0.0023873884,0.026602378,1.0,1.0,,0,1
2.494157,-0.00035514496,0.0015622722,-2.434225,0.0017854527,0.0024245945,0.025157435,1.0,1.0,,0,1
2.509182,-0.00037386082,0.0016037878,-2.4485078,0.0018465748,0.0024600069,0.023720887,1.0,1.0,,0,1
2.524207,-0.0003915662,0.0016444083,-2.4627848,0.0019062374,0.0024933894,0.022294698,1.0,1.0,,0,1
2.539232,-0.00040820986,0.0016844347,-2.477057,0.0019645423,0.0025248104,0.020880489,1.0,1.0,,0,1
2.5542572,-0.00042388495,0.0017236769,-2.491325,0.0020213593,0.0025542222,0.019480137,0.99999994,1.0,,0,1
2.5692823,-0.00043833442,0.001762202,-2.505589,0.0020763348,0.0025815268,0.018096361,0.99999994,1.0,,0,1
2.5843072,-0.00045153685,0.0018002214,-2.5198483,0.002129538,0.0026068336,0.016731208,1.0,1.0,,0,1
2.5993323,-0.00046409108,0.0018372126,-2.5341039,0.0021812723,0.0026300075,0.015388447,1.0,1.0,,0,1
2.6143572,-0.0004757708,0.0018733665,-2.5483575,0.002231356,0.0026510921,0.014071942,1.0,1.0,,0,1
2.6293824,-0.00048640557,0.00190874,-2.5626068,0.0022795561,0.0026700553,0.012787075,1.0,1.0,,0,1
2.6444073,-0.00049614254,0.0019432977,-2.5768542,0.0023260063,0.0026869043,0.011541058,1.0,1.0,,0,1
2.6594324,-0.00050514564,0.0019770293,-2.5910993,0.0023708965,0.0027016187,0.010344252,0.99999994,1.0,,0,1
2.6744576,-0.00051284116,0.0020099971,-2.6053433,0.0024134254,0.0027142551,0.0092100715,1.0,1.0,,0,1
2.6894825,-0.00051979814,0.0020417487,-2.6195846,0.0024539982,0.002724724,0.008160039,1.0,1.0,,0,1
2.7045076,-0.00052596256,0.002072733,-2.6338248,0.0024928884,0.0027330623,0.0072230203,1.0,1.0,,0,1
2.7195325,-0.000531449,0.0021028258,-2.6480627,0.0025301392,0.0027393415,0.0064406535,1.0,1.0,,0,1
2.7345576,-0.0005361866,0.0021320293,-2.6623015,0.00256563,0.0027435296,0.005865731,1.0,1.0,,0,1
2.7495828,-0.00053971075,0.0021601003,-2.676539,0.0025984487,0.0027456032,0.005553098,0.99999994,1.0,,0,1
2.7646077,-0.00054268446,0.0021874746,-2.6907773,0.002629923,0.002745728,0.0055367323,0.99999994,1.0,,0,1
2.7796328,-0.00054498855,0.0022135582,-2.7050157,0.002659368,0.0027437857,0.005809124,1.0,1.0,,0,1
2.7946577,-0.000546325,0.0022387868,-2.7192535,0.002686685,0.0027398095,0.0063235345,1.0,1.0,,0,1
2.8096828,-0.0005470328,0.0022633057,-2.7334924,0.0027124914,0.002733916,0.007018617,1.0,1.0,,0,1
2.824708,-0.00054701045,0.0022864416,-2.7477322,0.002736063,0.0027260245,0.007838356,1.0,1.0,,0,1
2.839733,-0.00054632593,0.0023085605,-2.7619734,0.002757797,0.0027162677,0.008741035,1.0,1.0,,0,1
2.854758,-0.0005451329,0.0023298766,-2.7762165,0.0027780978,0.0027046558,0.009697074,1.0,1.0,,0,1
2.869783,-0.0005429359,0.0023498917,-2.7904606,0.0027957913,0.002691219,0.010686227,1.0,1.0,,0,1
2.884808,-0.0005404474,0.0023688627,-2.804708,0.0028121641,0.002675972,0.011694697,1.0,1.0,,0,1
2.8998332,-0.0005371142,0.0023872377,-2.8189569,0.0028267533,0.002658979,0.012713225,0.99999994,1.0,,0,1
2.914858,-0.000533307,0.002404035,-2.833208,0.0028392877,0.0026403188,0.013735053,0.99999994,1.0,,0,1
2.9298832,-0.00052880123,0.0024199644,-2.8474627,0.0028500254,0.0026199543,0.014755235,0.99999994,1.0,,0,1
2.9449081,-0.0005236557,0.0024348423,-2.8617206,0.0028588995,0.00259804,0.01577041,0.99999994,1.0,,0,1
2.9599333,-0.00051800814,0.0024487823,-2.8759809,0.0028662144,0.0025744815,0.016777262,1.0,1.0,,0,1
2.9749584,-0.00051183533,0.0024614464,-2.8902464,0.0028716477,0.002549519,0.01777488,0.99999994,1.0,,0,1
2.9899833,-0.0005052136,0.002473128,-2.9045134,0.002875565,0.0025230197,0.018760646,1.0,1.0,,0,1
3.0050085,-0.0004981132,0.0024838382,-2.918787,0.0028779362,0.0024951517,0.019734016,1.0,1.0,,0,1
3.0200334,-0.0004903963,0.002493348,-2.933063,0.0028783644,0.0024658756,0.020693632,1.0,1.0,,0,1
3.0350585,-0.00048235618,0.0025017643,-2.9473438,0.0028773784,0.0024353836,0.021639079,1.0,1.0,,0,1
3.0500836,-0.00047363434,0.002509404,-2.9616308,0.0028747402,0.0024036025,0.022569401,1.0,1.0,,0,1
3.0651085,-0.00046475325,0.0025155405,-2.9759212,0.0028705795,0.002370637,0.023484316,1.0,1.0,,0,1
3.0801337,-0.00045523327,0.0025209133,-2.9902167,0.0028648614,0.0023365158,0.024383197,0.99999994,1.0,,0,1
3.0951586,-0.00044524577,0.002524864,-3.0045185,0.002857268,0.0023013093,0.025265936,0.99999994,1.0,,0,1
3.1101837,-0.00043503568,0.0025282018,-3.018826,0.0028488692,0.0022651502,0.026132217,1.0,1.0,,0,1
3.1252089,-0.00042434223,0.0025303196,-3.0331392,0.0028387767,0.002227983,0.026981734,0.99999994,1.0,,0,1
3.1402338,-0.00041327253,0.0025314456,-3.0474582,0.002827358,0.0021899515,0.027814556,1.0,1.0,,0,1
3.155259,-0.00040206686,0.002531306,-3.0617828,0.0028147066,0.0021510033,0.028630087,1.0,1.0,,0,1
3.1702838,-0.00039040577,0.0025304332,-3.0761137,0.0028008865,0.002111298,0.029428743,1.0,1.0,,0,1
3.185309,-0.00037831906,0.002528063,-3.0904517,0.0027852724,0.0020708665,0.030210204,1.0,1.0,,0,1
3.2003338,-0.00036599394,0.0025251145,-3.1047964,0.0027689636,0.002029752,0.030974485,1.0,1.0,,0,1
3.215359,-0.0003532106,0.0025208388,-3.1191483,0.0027510237,0.0019879967,0.03172168,1.0,1.0,,0,1
3.230384,-0.00034036674,0.0025156941,-3.1335073,0.0027323947,0.0019456501,0.032451443,1.0,1.0,,0,1
3.245409,-0.00032749772,0.002509378,-3.147873,0.00271285,0.0019028648,0.033164002,1.0,1.0,,0,1
3.2604342,-0.00031377003,0.0025021946,-3.1622472,0.0026917057,0.0018595783,0.033859555,1.0,1.0,,0,1
3.275459,-0.00030009355,0.0024938947,-3.176628,0.0026698487,0.001815921,0.034538016,1.0,1.0,,0,1
3.2904842,-0.0002861824,0.0024849614,-3.1910157,0.0026474216,0.0017718992,0.03519935,1.0,1.0,,0,1
3.3055093,-0.00027244166,0.002474716,-3.2054124,0.0026242563,0.0017275948,0.035843562,1.0,1.0,,0,1
3.3205342,-0.00025782455,0.002463594,-3.2198157,0.002599679,0.0016830493,0.036470972,1.0,1.0,,0,1
3.3355594,-0.00024340209,0.0024515595,-3.2342296,0.0025748326,0.0016383085,0.037081473,1.0,1.0,,0,1
3.3505843,-0.00022890884,0.0024384726,-3.2486506,0.002549329,0.0015934424,0.037675343,0.99999994,1.0,,0,1
3.3656094,-0.00021388754,0.0024243314,-3.2630801,0.0025227817,0.0015485142,0.03825253,0.99999994,1.0,,0,1
3.3806345,-0.00019894727,0.0024093874,-3.2775187,0.0024960507,0.0015035258,0.03881322,0.99999994,1.0,,0,1
3.3956594,-0.00018395763,0.0023934394,-3.2919645,0.0024688542,0.0014585722,0.039357435,0.99999994,1.0,,0,1
3.4106846,-0.00016862154,0.0023767548,-3.3064208,0.0024412652,0.0014136824,0.03988554,1.0,1.0,,0,1
3.4257095,-0.00015323982,0.0023591807,-3.3208857,0.0024134377,0.0013689338,0.040397555,1.0,1.0,,0,1
3.4407346,-0.00013788603,0.002340639,-3.3353586,0.002385389,0.0013242933,0.04089332,0.99999994,1.0,,0,1
3.4557598,-0.00012236554,0.0023208149,-3.3498416,0.0023567332,0.0012798767,0.041373186,0.99999994,1.0,,0,1
3.4707847,-0.00010683667,0.002300716,-3.3643336,0.0023286217,0.0012357398,0.04183749,1.0,1.0,,0,1
3.4858098,-9.0940855e-05,0.0022796867,-3.3788352,0.0023003009,0.0011918464,0.04228599,1.0,1.0,,0,1
3.5008347,-7.525645e-05,0.0022574067,-3.3933473,0.0022718047,0.0011483429,0.04271944,1.0,1.0,,0,1
3.5158598,-5.94249e-05,0.002234608,-3.4078674,0.0022437652,0.0011051962,0.04313738,1.0,1.0,,0,1
3.530885,-4.3583103e-05,0.00221078,-3.4223976,0.002215806,0.0010624599,0.043540023,1.0,1.0,,0,1
3.54591,-2.7627684e-05,0.0021862919,-3.4369378,0.0021883529,0.0010201816,0.04392786,1.0,1.0,,0,1
3.560935,-1.1753291e-05,0.0021610195,-3.4514875,0.0021614002,0.0009784186,0.044300847,1.0,1.0,,0,1
3.57596,4.0177256e-06,0.002134975,-3.4660478,0.0021350204,0.0009371488,0.044659164,1.0,1.0,,0,1
3.590985,1.9910745e-05,0.002108099,-3.4806185,0.0021092377,0.00089650054,0.045003075,1.0,1.0,,0,1
3.60601,3.586337e-05,0.002080761,-3.4951978,0.0020845332,0.00085639756,0.045332454,1.0,1.0,,0,1
3.621035,5.1914714e-05,0.0020521227,-3.5097885,0.0020601964,0.00081696006,0.045647655,1.0,1.0,,0,1
3.6360602,6.7512505e-05,0.0020231185,-3.5243893,0.0020370632,0.0007781894,0.045949172,1.0,1.0,,0,1
3.6510851,8.34316e-05,0.0019934215,-3.5390005,0.002015171,0.00074009853,0.046236627,1.0,1.0,,0,1
3.6661103,9.921286e-05,0.0019629253,-3.5536218,0.0019943381,0.0007027517,0.04651042,1.0,1.0,,0,1
3.6811352,0.00011487771,0.0019317558,-3.5682535,0.0019747708,0.0006661593,0.04677077,1.0,1.0,,0,1
3.6961603,0.00013065897,0.0019000676,-3.5828962,0.0019568917,0.0006303478,0.047017924,1.0,1.0,,0,1
3.7111855,0.00014626328,0.001867407,-3.59755,0.0019401306,0.00059535395,0.047251813,1.0,1.0,,0,1
3.7262104,0.00016161893,0.001834414,-3.6122136,0.0019250793,0.0005611815,0.04747255,1.0,1.0,,0,1
3.7412355,0.00017712452,0.0018005157,-3.6268873,0.0019116978,0.000527882,0.04768062,1.0,1.0,,0,1
3.7562604,0.00019240566,0.001766298,-3.641572,0.0019002062,0.00049543375,0.047876015,1.0,1.0,,0,1
3.7712855,0.0002076421,0.0017314851,-3.6562686,0.0018906306,0.00046392993,0.048059028,1.0,1.0,,0,1
3.7863107,0.0002229577,0.0016960604,-3.6709757,0.0018832417,0.00043334177,0.048229806,1.0,1.0,,0,1
3.8013356,0.00023801718,0.0016597863,-3.6856928,0.0018773843,0.00040367452,0.048388276,1.0,1.0,,0,1
3.8163607,0.0002530273,0.0016230196,-3.7004209,0.0018737621,0.00037498525,0.048534848,1.0,1.0,,0,1
3.8313856,0.00026762392,0.0015858868,-3.7151613,0.0018718292,0.00034726007,0.048669573,1.0,1.0,,0,1
3.8464108,0.00028227828,0.0015481673,-3.7299118,0.0018723065,0.000320527,0.048792645,1.0,1.0,,0,1
3.861436,0.00029672682,0.0015101237,-3.7446723,0.0018749164,0.00029481953,0.048904363,0.99999994,1.0,,0,1
3.8764608,0.00031120423,0.001471309,-3.7594457,0.0018798332,0.00027011993,0.04900479,1.0,1.0,,0,1
3.891486,0.000325297,0.0014322903,-3.77423,0.001886551,0.0002464614,0.049094006,1.0,1.0,,0,1
3.9065108,0.0003393963,0.0013926439,-3.7890239,0.0018956529,0.00022384414,0.049172238,1.0,1.0,,0,1
3.921536,0.00035337172,0.0013526697,-3.8038297,0.0019070482,0.00020228807,0.04923976,1.0,1.0,,0,1
3.936561,0.00036704727,0.0013122587,-3.8186474,0.0019201434,0.00018178613,0.049296513,0.9999999,1.0,,0,1
3.951586,0.0003807377,0.001271096,-3.8334742,0.0019355591,0.00016237028,0.04934283,0.99999994,1.0,,0,1
3.9666111,0.0003942866,0.0012298385,-3.8483138,0.0019532768,0.00014402633,0.049378797,1.0,1.0,,0,1
3.981636,0.00040746294,0.001188186,-3.8631635,0.0019723303,0.0001267776,0.04940475,0.99999994,1.0,,0,1
3.9966612,0.00042044744,0.0011460586,-3.878025,0.001993132,0.00011062236,0.0494205,0.99999994,1.0,,0,1
4.0116863,0.00043322984,0.0011037588,-3.8928971,0.0020157539,9.555612e-05,0.04942646,1.0,1.0,,0,1
4.0267115,0.00044601038,0.001061012,-3.9077816,0.002040632,8.160091e-05,0.04942281,0.99999994,1.0,,0,1
4.041736,0.00045823865,0.0010179384,-3.922676,0.002065923,6.874078e-05,0.049409427,0.99999994,1.0,,0,1
4.0567613,0.0004704101,0.00097468216,-3.9375825,0.0020932658,5.6992616e-05,0.049386855,0.99999994,1.0,,0,1
4.0717864,0.00048251357,0.00093103945,-3.952499,0.0021224713,4.634295e-05,0.049354836,0.99999994,1.0,,0,1
4.0868115,0.0004944252,0.00088701677,-3.9674273,0.002153048,3.6807498e-05,0.049313787,1.0,1.0,,0,1
4.1018367,0.00050610676,0.00084267464,-3.9823675,0.002184808,2.8372338e-05,0.04926387,1.0,1.0,,0,1
4.1168613,0.00051751547,0.0007985076,-3.9973173,0.0022176863,2.1039974e-05,0.04920501,1.0,1.0,,0,1
4.1318865,0.00052879285,0.00075371657,-4.012279,0.0022518295,1.4810899e-05,0.049137592,1.0,1.0,,0,1
4.1469116,0.0005394118,0.00070875604,-4.027252,0.0022853212,9.677609e-06,0.04906151,1.0,1.0,,0,1
4.1619368,0.0005505821,0.0006636316,-4.042235,0.0023227078,5.6395243e-06,0.04897716,1.0,1.0,,0,1
4.176962,0.00056094024,0.00061873626,-4.05723,0.0023587756,2.6888895e-06,0.048884522,1.0,1.0,,0,1
4.1919866,0.00057123974,0.00057290215,-4.0722356,0.0023960485,8.2125104e-07,0.048783787,1.0,1.0,,0,1
4.2070117,0.0005813176,0.000527543,-4.0872526,0.0024341824,3.0354133e-08,0.048674982,1.0,1.0,,0,1
4.222037,0.0005909009,0.00048163254,-4.1022806,0.0024717685,3.0912724e-07,0.048558366,1.0,1.0,,0,1
4.237062,0.00060065556,0.0004356727,-4.1173196,0.0025115283,1.6501954e-06,0.048434097,0.99999994,1.0,,0,1
4.252087,0.0006098384,0.00038969517,-4.1323695,0.0025503975,4.044845e-06,0.048302114,0.99999994,1.0,,0,1
4.267112,0.0006190529,0.0003435947,-4.1474295,0.002590747,7.482936e-06,0.04816281,0.99999994,1.0,,0,1
4.282137,0.0006281771,0.00029742718,-4.162501,0.0026320412,1.1956275e-05,0.048016045,1.0,1.0,,0,1
4.297162,0.00063658226,0.0002511926,-4.1775837,0.002671616,1.7455082e-05,0.047862124,0.99999994,1.0,,0,1
4.312187,0.00064476486,0.000204755,-4.1926775,0.002711449,2.396892e-05,0.04770119,0.99999994,1.0,,0,1
4.3272123,0.0006525945,0.00015829131,-4.2077813,0.0027509585,3.1480005e-05,0.047533207,0.99999994,1.0,,0,1
4.342237,0.00066077244,0.00011198409,-4.222896,0.0027930557,3.998761e-05,0.04735827,1.0,1.0,,0,1
4.357262,0.00066842884,6.569177e-05,-4.2380204,0.0028340234,4.947134e-05,0.047176685,1.0,1.0,,0,1
4.3722873,0.00067574903,1.9179657e-05,-4.2531567,0.002874587,5.992084e-05,0.046988502,1.0,1.0,,0,1
4.3873124,0.0006826548,-2.7213246e-05,-4.2683034,0.0029143707,7.132448e-05,0.046793763,1.0,1.0,,0,1
4.402337,0.0006896565,-7.344037e-05,-4.2834597,0.0029555038,8.3661944e-05,0.0465925,0.9999999,1.0,,0,1
4.417362,0.00069599506,-0.00011974387,-4.298628,0.0029947031,9.691969e-05,0.04638524,1.0,1.0,,0,1
4.4323874,0.0007023569,-0.00016597472,-4.313806,0.0030348669,0.00011108927,0.046171624,1.0,1.0,,0,1
4.4474125,0.0007084245,-0.00021228567,-4.3289948,0.003074605,0.0001261502,0.04595193,1.0,1.0,,0,1
4.4624376,0.00071434956,-0.00025833026,-4.3441935,0.003114515,0.00014209149,0.045726225,1.0,1.0,,0,1
4.4774623,0.000719809,-0.00030466355,-4.359403,0.0031532084,0.00015889082,0.045494802,0.9999999,1.0,,0,1
4.4924874,0.000724731,-0.00035073236,-4.3746223,0.0031902874,0.00017653982,0.045257434,0.99999994,1.0,,0,1
4.5075126,0.0007298095,-0.0003965255,-4.3898516,0.0032287298,0.00019501154,0.045014456,1.0,1.0,,0,1
4.5225377,0.0007346971,-0.00044218078,-4.405092,0.0032670102,0.00021429392,0.044765916,0.99999994,1.0,,0,1
4.5375624,0.0007391041,-0.0004879292,-4.420341,0.0033038668,0.0002343684,0.044511955,0.99999994,1.0,,0,1
4.5525875,0.00074346457,-0.0005333014,-4.4356017,0.0033411023,0.00025521583,0.044252604,0.9999999,1.0,,0,1
4.5676126,0.0007470641,-0.00057874434,-4.450872,0.003375627,0.0002768244,0.043987848,0.9999998,1.0,,0,1
4.582638,0.00075087976,-0.00062363036,-4.466151,0.00341159,0.00029917486,0.04371792,0.99999994,1.0,,0,1
4.597663,0.00075414404,-0.0006686058,-4.481442,0.003445712,0.00032223453,0.043443073,1.0,1.0,,0,1
4.6126876,0.00075725466,-0.0007136073,-4.4967413,0.0034797096,0.00034599943,0.04316311,1.0,1.0,,0,1
4.6277127,0.0007604696,-0.0007578917,-4.5120516,0.0035145467,0.00037045372,0.042878114,1.0,1.0,,0,1
4.642738,0.00076297484,-0.0008021444,-4.527369,0.0035467492,0.00039556748,0.042588312,0.9999999,1.0,,0,1
4.657763,0.0007653758,-0.00084644184,-4.5426984,0.0035789905,0.0004213139,0.042293735,0.99999994,1.0,,0,1
4.6727877,0.00076716393,-0.00089023635,-4.5580363,0.0036088745,0.00044768534,0.04199448,0.99999994,1.0,,0,1
4.687813,0.00076924916,-0.00093392655,-4.573384,0.0036404962,0.00047467544,0.04169063,0.99999994,1.0,,0,1
4.702838,0.0007704515,-0.0009774547,-4.5887413,0.0036686084,0.00050223107,0.041382287,1.0,1.0,,0,1
4.717863,0.00077217165,-0.0010201689,-4.604108,0.0036992107,0.00053034443,0.041069448,1.0,1.0,,0,1
4.732888,0.00077299774,-0.001062898,-4.619483,0.0037262565,0.00055900915,0.040752202,1.0,1.0,,0,1
4.747913,0.0007738974,-0.0011056643,-4.634868,0.0037540284,0.0005881796,0.040430807,1.0,1.0,,0,1
4.762938,0.00077451486,-0.0011477489,-4.650261,0.0037807226,0.00061787857,0.040105056,1.0,1.0,,0,1
4.777963,0.0007748762,-0.0011895858,-4.665664,0.0038065654,0.0006480237,0.039775174,1.0,1.0,,0,1
4.7929883,0.0007747477,-0.0012310147,-4.681076,0.0038304518,0.0006786569,0.039441135,1.0,1.0,,0,1
4.8080134,0.0007746862,-0.0012723152,-4.696497,0.0038549274,0.00070971175,0.039103165,1.0,1.0,,0,1
4.823038,0.00077416934,-0.0013131164,-4.7119274,0.003877539,0.00074116915,0.03876137,1.0,1.0,,0,1
4.8380632,0.0007732706,-0.0013538357,-4.7273655,0.0038987387,0.0007730236,0.038415574,1.0,1.0,,0,1
4.8530884,0.00077219587,-0.0013937913,-4.742812,0.00391919,0.0008052776,0.03806602,1.0,1.0,,0,1
4.8681135,0.0007710587,-0.0014337394,-4.758268,0.003939648,0.00083785265,0.03771261,1.0,1.0,,0,1
4.8831387,0.00076974276,-0.0014730897,-4.773733,0.0039593736,0.00087077805,0.037355572,1.0,1.0,,0,1
4.8981633,0.00076792855,-0.0015122872,-4.789204,0.003977099,0.0009039867,0.03699501,1.0,1.0,,0,1
4.9131885,0.00076604076,-0.0015506744,-4.804686,0.0039944486,0.00093750283,0.03663079,1.0,1.0,,0,1
4.9282136,0.0007638056,-0.0015889574,-4.820174,0.004010464,0.0009712723,0.03626311,1.0,1.0,,0,1
4.9432387,0.0007613441,-0.0016268771,-4.8356724,0.0040255752,0.0010052916,0.035891976,1.0,1.0,,0,1
4.958264,0.0007587839,-0.0016644523,-4.851178,0.0040403428,0.0010395274,0.03551745,1.0,1.0,,0,1
4.9732885,0.0007557571,-0.0017012861,-4.86669,0.0040529645,0.0010739692,0.035139617,1.0,1.0,,0,1
4.9883137,0.00075251237,-0.0017378032,-4.882212,0.0040647076,0.0011085991,0.034758523,1.0,1.0,,0,1
5.003339,0.00074940454,-0.0017738864,-4.897742,0.0040770774,0.0011433754,0.034374155,1.0,1.0,,0,1
5.018364,0.000745723,-0.0018094834,-4.9132776,0.004086905,0.0011782877,0.03398662,1.0,1.0,,0,1
5.033389,0.0007418692,-0.0018446464,-4.928822,0.0040959786,0.0012133014,0.03359601,1.0,1.0,,0,1
5.0484138,0.0007379046,-0.0018795114,-4.944374,0.0041046212,0.0012484404,0.033202466,1.0,1.0,,0,1
5.063439,0.00073345564,-0.0019137096,-4.959934,0.0041110166,0.001283628,0.032805685,0.99999994,1.0,,0,1
5.078464,0.0007291138,-0.0019475091,-4.9755015,0.0041178763,0.0013188978,0.032406114,0.9999999,1.0,,0,1
5.093489,0.00072434545,-0.001980774,-4.9910755,0.0041227886,0.001354163,0.03200364,0.99999994,1.0,,0,1
5.1085143,0.0007194141,-0.0020139255,-5.0066576,0.004127108,0.0013894491,0.031598277,1.0,1.0,,0,1
5.123539,0.00071453303,-0.0020459164,-5.0222454,0.0041312473,0.001424748,0.031190015,1.0,1.0,,0,1
5.138564,0.0007090131,-0.0020779427,-5.0378413,0.0041327802,0.0014599612,0.030779157,1.0,1.0,,0,1
5.1535892,0.00070340466,-0.0021091998,-5.0534434,0.004133707,0.001495171,0.030365465,1.0,1.0,,0,1
5.1686144,0.0006975848,-0.0021398813,-5.0690527,0.004133581,0.0015302965,0.02994908,0.99999994,1.0,,0,1
5.1836395,0.0006917026,-0.0021700598,-5.08467,0.004133083,0.0015653207,0.029530158,0.99999994,1.0,,0,1
5.198664,0.00068547763,-0.002199877,-5.1002927,0.004131067,0.0016002735,0.029108597,1.0,1.0,,0,1
5.2136893,0.00067892857,-0.0022291746,-5.115921,0.0041275355,0.0016350435,0.028684497,1.0,1.0,,0,1
5.2287145,0.0006726403,-0.002258109,-5.1315584,0.0041250894,0.0016696611,0.028258003,0.99999994,1.0,,0,1
5.2437396,0.00066591054,-0.0022860356,-5.1471996,0.004120348,0.0017041492,0.027828906,0.99999994,1.0,,0,1
5.2587647,0.0006588567,-0.0023136884,-5.1628485,0.0041142236,0.0017384132,0.027397523,0.9999998,1.0,,0,1
5.2737894,0.00065184943,-0.002340639,-5.178502,0.00410806,0.0017724662,0.026963703,0.9999998,1.0,,0,1
5.2888145,0.00064454693,-0.0023671463,-5.194163,0.004100546,0.0018063022,0.026527569,1.0,1.0,,0,1
5.3038397,0.0006370088,-0.0023929328,-5.2098293,0.004091777,0.0018398855,0.026089236,1.0,1.0,,0,1
5.318865,0.00062914565,-0.0024187025,-5.2255025,0.004081795,0.0018731898,0.025648644,1.0,1.0,,0,1
5.33389,0.000621303,-0.002443349,-5.241181,0.004071407,0.0019062307,0.025205778,1.0,1.0,,0,1
5.3489146,0.00061319675,-0.0024676323,-5.256863,0.004059868,0.0019389516,0.024760796,1.0,1.0,,0,1
5.36394,0.00060511474,-0.0024913903,-5.2725534,0.0040482897,0.0019713684,0.024313688,1.0,1.0,,0,1
5.378965,0.0005967403,-0.0025145635,-5.2882485,0.0040353173,0.0020034353,0.023864448,1.0,1.0,,0,1
5.39399,0.0005881749,-0.0025367066,-5.3039494,0.004021101,0.002035126,0.023413252,1.0,1.0,,0,1
5.409015,0.00057936925,-0.0025588889,-5.3196545,0.0040061176,0.0020664802,0.022959946,1.0,1.0,,0,1
5.42404,0.0005704304,-0.002580177,-5.335364,0.0039902264,0.00209743,0.022504827,1.0,1.0,,0,1
5.439065,0.00056140684,-0.0026011374,-5.3510804,0.003973994,0.0021279606,0.02204775,1.0,1.0,,0,1
5.45409,0.00055228826,-0.0026211236,-5.3668013,0.0039569587,0.0021580916,0.021588644,1.0,1.0,,0,1
5.4691153,0.0005430393,-0.0026405435,-5.382527,0.003939248,0.0021877652,0.021127824,1.0,1.0,,0,1
5.4841404,0.0005334234,-0.002659604,-5.398257,0.0039200736,0.002216968,0.020665241,1.0,1.0,,0,1
5.499165,0.0005237553,-0.0026780386,-5.413991,0.003900527,0.0022456977,0.02020089,1.0,1.0,,0,1
5.51419,0.0005140547,-0.0026959665,-5.429731,0.0038807716,0.0022739528,0.019734813,1.0,1.0,,0,1
5.5292153,0.0005042553,-0.002713075,-5.4454737,0.003860335,0.0023017097,0.019267054,1.0,1.0,,0,1
5.5442405,0.0004940815,-0.0027295258,-5.4612226,0.00383828,0.002328933,0.018797679,1.0,1.0,,0,1
5.5592656,0.00048400648,-0.002745578,-5.4769745,0.0038166302,0.0023556335,0.018326702,1.0,1.0,,0,1
5.5742903,0.00047371164,-0.0027609002,-5.4927297,0.0037939406,0.002381765,0.017854229,1.0,1.0,,0,1
5.5893154,0.00046319328,-0.0027757455,-5.508492,0.00377041,0.002407362,0.017380282,1.0,1.0,,0,1
5.6043406,0.00045276526,-0.0027897898,-5.5242553,0.0037469866,0.002432355,0.016904935,1.0,1.0,,0,1
5.6193657,0.00044214074,-0.0028033573,-5.5400243,0.0037228584,0.0024567915,0.016428187,1.0,1.0,,0,1
5.634391,0.0004312275,-0.0028163306,-5.5557947,0.0036976375,0.002480602,0.01595005,0.99999994,1.0,,0,1
5.6494155,0.00042022672,-0.0028286073,-5.571569,0.003672007,0.0025037995,0.015470801,1.0,1.0,,0,1
5.6644406,0.00040923432,-0.0028402917,-5.587348,0.0036464042,0.0025263978,0.0149902655,0.99999994,1.0,,0,1
5.679466,0.00039785448,-0.0028511863,-5.603132,0.003619315,0.0025483035,0.014508656,0.9999999,1.0,,0,1
5.694491,0.00038674753,-0.002861878,-5.618916,0.0035935175,0.0025695662,0.014026081,1.0,1.0,,0,1
5.7095156,0.0003755493,-0.0028718114,-5.634703,0.0035673259,0.0025902016,0.013542445,1.0,1.0,,0,1
5.7245407,0.000364054,-0.0028808117,-5.650494,0.0035399464,0.0026101395,0.0130579565,0.99999994,1.0,,0,1
5.739566,0.000352378,-0.0028896201,-5.66629,0.003512423,0.002629384,0.0125727495,0.9999999,1.0,,0,1
5.754591,0.00034082495,-0.002897527,-5.682086,0.0034851858,0.0026479259,0.012086951,0.99999994,1.0,,0,1
5.769616,0.00032898597,-0.0029050503,-5.6978865,0.0034573928,0.0026657698,0.011600543,1.0,1.0,,0,1
5.784641,0.00031751674,-0.0029119514,-5.713688,0.0034309062,0.0026829203,0.01111381,0.9999999,1.0,,0,1
5.799666,0.00030544493,-0.0029180534,-5.7294927,0.0034026487,0.0026992958,0.010626951,0.9999999,1.0,,0,1
5.814691,0.00029334798,-0.0029233117,-5.745299,0.0033743917,0.0027149632,0.010139965,1.0,1.0,,0,1
5.829716,0.00028150994,-0.002928501,-5.761108,0.0033476322,0.002729891,0.00965326,1.0,1.0,,0,1
5.8447413,0.0002691634,-0.0029329807,-5.776918,0.0033197023,0.0027440605,0.009167135,0.99999994,1.0,,0,1
5.859766,0.00025717542,-0.0029366948,-5.7927313,0.0032929808,0.0027574652,0.008681874,0.99999994,1.0,,0,1
5.874791,0.00024489127,-0.0029397272,-5.8085475,0.0032658179,0.002770087,0.008197849,0.99999994,1.0,,0,1
5.8898163,0.00023255497,-0.0029423647,-5.824363,0.0032391797,0.0027819704,0.0077156364,0.9999999,1.0,,0,1
5.9048414,0.000220065,-0.0029442478,-5.840181,0.0032125548,0.0027930224,0.007235879,0.9999999,1.0,,0,1
5.9198666,0.00020774547,-0.0029453188,-5.856001,0.0031866943,0.0028033138,0.0067593353,0.9999999,1.0,,0,1
5.934891,0.0001953831,-0.0029465482,-5.871823,0.0031620292,0.0028127893,0.0062871533,0.9999999,1.0,,0,1
5.9499164,0.00018277112,-0.002946576,-5.8876457,0.0031369342,0.0028214576,0.0058205817,0.99999994,1.0,,0,1
5.9649415,0.00017022807,-0.0029456,-5.9034705,0.0031123166,0.0028293529,0.0053614588,0.99999994,1.0,,0,1
5.9799666,0.0001575835,-0.0029448848,-5.919294,0.00308909,0.0028364083,0.004912356,0.99999994,1.0,,0,1
5.994992,0.00014485978,-0.0029434767,-5.9351196,0.0030664767,0.0028426463,0.004476552,0.99999994,1.0,,0,1
6.0100164,0.00013205688,-0.0029410943,-5.950945,0.0030442807,0.0028480515,0.004058875,0.99999994,1.0,,0,1
6.0250416,0.000119685195,-0.0029384103,-5.9667735,0.0030239483,0.0028526338,0.0036658451,1.0,1.0,,0,1
6.0400667,0.00010667648,-0.0029347036,-5.9825997,0.0030032985,0.0028564043,0.0033068382,1.0,1.0,,0,1
6.055092,9.398628e-05,-0.0029309485,-5.9984303,0.0029846786,0.0028593484,0.0029946712,0.9999999,1.0,,0,1
6.070117,8.1215985e-05,-0.0029264558,-6.0142574,0.0029669406,0.0028614143,0.0027458805,0.9999999,1.0,,0,1
6.0851417,6.848015e-05,-0.0029212888,-6.030087,0.0029503312,0.0028626898,0.0025794688,0.99999994,1.0,,0,1
6.100167,5.5384822e-05,-0.002915414,-6.0459156,0.0029345811,0.0028630723,0.0025124487,0.99999994,1.0,,0,1
6.115192,4.271511e-05,-0.0029094182,-6.0617456,0.0029209175,0.0028626388,0.0025531603,1.0,1.0,,0,1
6.130217,2.9588118e-05,-0.002902329,-6.0775733,0.0029078946,0.002861376,0.002697271,0.9999999,1.0,,0,1
6.145242,1.6818754e-05,-0.0028950274,-6.093402,0.0028968407,0.0028592339,0.0029299785,0.99999994,1.0,,0,1
6.160267,4.0931627e-06,-0.0028870013,-6.1092296,0.0028871095,0.0028562895,0.003232609,0.99999994,1.0,,0,1
6.175292,-9.069219e-06,-0.0028785747,-6.1250587,0.0028791106,0.0028524555,0.0035878627,1.0,1.0,,0,1
6.190317,-2.1805055e-05,-0.0028694402,-6.1408863,0.0028725627,0.0028478224,0.003981914,1.0,1.0,,0,1
6.2053423,-3.4607947e-05,-0.002860006,-6.156712,0.002867932,0.0028423413,0.0044046612,1.0,1.0,,0,1
6.2203674,-4.7787093e-05,-0.0028499719,-6.1725383,0.0028651955,0.0028359895,0.0048487945,1.0,1.0,,0,1
6.235392,-6.0372055e-05,-0.0028391741,-6.188362,0.0028636493,0.0028288204,0.005309154,1.0,1.0,,0,1
6.250417,-7.3048286e-05,-0.0028280895,-6.204186,0.0028641718,0.0028207737,0.005781989,1.0,1.0,,0,1
6.2654424,-8.5933134e-05,-0.0028162599,-6.22001,0.0028665322,0.0028119422,0.00626472,1.0,1.0,,0,1
6.2804675,-9.867083e-05,-0.002803931,-6.23583,0.0028706451,0.0028022535,0.0067552347,1.0,1.0,,0,1
6.2954926,-0.00011153612,-0.00279117,-6.251649,0.002876946,0.0027917374,0.0072521074,1.0,1.0,,0,1
6.3105173,-0.00012442842,-0.0027778689,-6.267467,0.0028852555,0.0027803988,0.0077543072,1.0,1.0,,0,1
6.3255424,-0.00013702177,-0.0027641784,-6.2832828,0.0028951475,0.0027682302,0.008260795,1.0,1.0,,0,1
6.3405676,-0.00014984142,-0.0027496666,-6.299099,0.0029071476,0.0027552622,0.008770989,1.0,1.0,,0,1
6.3555927,-0.00016215723,-0.0027350336,-6.314911,0.0029204364,0.0027414632,0.009284412,1.0,1.0,,0,1
6.370618,-0.00017495733,-0.0027197115,-6.3307223,0.0029365888,0.0027268897,0.009800502,1.0,1.0,,0,1
6.3856425,-0.00018734112,-0.0027040467,-6.346531,0.0029538833,0.002711523,0.01031886,1.0,1.0,,0,1
6.4006677,-0.00019995496,-0.0026876796,-6.3623366,0.002973544,0.0026953209,0.010839382,1.0,1.0,,0,1
6.415693,-0.0002121469,-0.0026708934,-6.3781414,0.002994067,0.0026783529,0.011361618,1.0,1.0,,0,1
6.430718,-0.00022483617,-0.0026538242,-6.3939424,0.0030181617,0.002660602,0.011885565,1.0,1.0,,0,1
6.445743,-0.00023688935,-0.0026361123,-6.409743,0.0030421137,0.0026421137,0.012410856,0.99999994,1.0,,0,1
6.4607677,-0.00024951715,-0.0026177429,-6.4255357,0.0030696725,0.0026228107,0.012937444,0.9999999,1.0,,0,1
6.475793,-0.00026161876,-0.002599286,-6.4413285,0.0030977188,0.0026027998,0.013465203,0.99999994,1.0,,0,1
6.490818,-0.00027378276,-0.0025802292,-6.4571195,0.0031277156,0.0025820173,0.013993897,1.0,1.0,,0,1
6.505843,-0.00028570462,-0.0025608167,-6.4729066,0.003158724,0.002560498,0.014523554,1.0,1.0,,0,1
6.5208683,-0.00029784348,-0.0025408063,-6.4886904,0.003192233,0.0025382757,0.015054035,1.0,1.0,,0,1
6.535893,-0.0003095558,-0.0025204401,-6.5044703,0.0032258953,0.0025153132,0.015585232,1.0,1.0,,0,1
6.550918,-0.0003215773,-0.0024992358,-6.5202456,0.0032622325,0.0024916576,0.01611717,1.0,1.0,,0,1
6.5659432,-0.00033321325,-0.0024784096,-6.53602,0.0032992768,0.0024673084,0.01664953,1.0,1.0,,0,1
6.5809684,-0.00034502707,-0.0024567153,-6.5517893,0.0033384091,0.0024423127,0.01718252,1.0,1.0,,0,1
6.595993,-0.00035657268,-0.0024346653,-6.567556,0.0033780287,0.0024165888,0.017716024,1.0,1.0,,0,1
6.611018,-0.000368122,-0.0024120454,-6.583317,0.0034191348,0.002390255,0.018249784,0.99999994,1.0,,0,1
6.6260433,-0.00037941802,-0.0023893565,-6.5990744,0.0034608317,0.0023632655,0.018784063,0.9999999,1.0,,0,1
6.6410685,-0.0003908323,-0.0023660567,-6.6148286,0.0035044476,0.0023356227,0.019318506,1.0,1.0,,0,1
6.6560936,-0.00040174834,-0.0023424122,-6.630577,0.0035471101,0.002307398,0.019853259,0.9999999,1.0,,0,1
6.6711183,-0.00041308254,-0.0023183115,-6.646321,0.0035932278,0.0022785368,0.020388203,0.9999998,1.0,,0,1
6.6861434,-0.0004239846,-0.0022939984,-6.662062,0.0036386598,0.0022490998,0.020923318,0.9999999,1.0,,0,1
6.7011685,-0.000434638,-0.00226905,-6.677798,0.00368396,0.0022191126,0.021458603,1.0,1.0,,0,1
6.7161937,-0.0004455503,-0.002244087,-6.6935277,0.0037321409,0.002188557,0.02199403,0.99999994,1.0,,0,1
6.731219,-0.00045610033,-0.0022183787,-6.709253,0.0037794309,0.0021574493,0.022529349,0.9999999,1.0,,0,1
6.7462435,-0.00046651624,-0.0021929424,-6.7249737,0.0038275763,0.0021258604,0.023064863,0.9999999,1.0,,0,1
6.7612686,-0.00047702063,-0.0021664053,-6.7406883,0.003876977,0.0020936972,0.023600256,0.99999994,1.0,,0,1
6.7762938,-0.00048722886,-0.002140209,-6.7563972,0.003926272,0.0020610865,0.02413559,1.0,1.0,,0,1
6.791319,-0.00049740355,-0.0021131989,-6.7721024,0.003976244,0.002028012,0.024670813,1.0,1.0,,0,1
6.806344,-0.00050716195,-0.002086131,-6.7878013,0.004025056,0.0019944385,0.025205942,0.99999994,1.0,,0,1
6.8213687,-0.0005172817,-0.0020590182,-6.8034945,0.004077169,0.0019604908,0.025740974,1.0,1.0,,0,1
6.836394,-0.0005268557,-0.0020307936,-6.819181,0.0041267173,0.0019260809,0.026275715,1.0,1.0,,0,1
6.851419,-0.00053648464,-0.0020029861,-6.8348627,0.004177949,0.001891281,0.026810259,1.0,1.0,,0,1
6.866444,-0.0005458323,-0.0019745734,-6.8505383,0.004228317,0.0018561203,0.027344594,0.99999994,1.0,,0,1
6.8814692,-0.000555207,-0.0019460563,-6.8662066,0.0042798826,0.0018206078,0.027878687,1.0,1.0,,0,1
6.896494,-0.000564307,-0.0019173194,-6.8818707,0.0043307175,0.0017847433,0.028412351,1.0,1.0,,0,1
6.911519,-0.00057335384,-0.0018879585,-6.8975267,0.004381966,0.0017485576,0.028945738,0.99999994,1.0,,0,1
6.926544,-0.00058202073,-0.0018582735,-6.9131765,0.004431694,0.0017120716,0.029478684,0.9999999,1.0,,0,1
6.9415693,-0.00059062894,-0.0018290244,-6.92882,0.004482176,0.0016753261,0.030011322,0.99999994,1.0,,0,1
6.9565945,-0.0005991617,-0.0017988235,-6.9444566,0.0045327116,0.0016383519,0.030543549,0.9999999,1.0,,0,1
6.971619,-0.00060741324,-0.0017687008,-6.9600854,0.0045823785,0.0016011129,0.031075167,0.9999998,1.0,,0,1
6.9866443,-0.00061523635,-0.0017383303,-6.975709,0.0046300446,0.0015636985,0.031606458,0.99999994,1.0,,0,1
7.0016694,-0.0006235363,-0.001707634,-6.9913254,0.0046815076,0.0015260838,0.03213711,0.99999994,1.0,,0,1
7.0166945,-0.0006313287,-0.0016770009,-7.0069327,0.0047305105,0.0014882922,0.03266731,0.99999994,1.0,,0,1
7.0317197,-0.0006386852,-0.001645986,-7.022535,0.004777293,0.0014503843,0.033196844,1.0,1.0,,0,1
7.0467443,-0.00064634345,-0.0016144775,-7.0381284,0.004826653,0.0014123828,0.033725824,0.99999994,1.0,,0,1
7.0617695,-0.00065336097,-0.0015830975,-7.053713,0.0048725405,0.0013742759,0.03425415,0.9999999,1.0,,0,1
7.0767946,-0.00066067185,-0.001551481,-7.069291,0.0049210177,0.001336115,0.034781873,0.9999999,1.0,,0,1
7.09182,-0.00066738576,-0.0015197527,-7.084862,0.004966146,0.0012979157,0.03530885,0.99999994,1.0,,0,1
7.106845,-0.00067417324,-0.0014877561,-7.1004257,0.005012349,0.0012596949,0.035835136,1.0,1.0,,0,1
7.1218696,-0.0006806189,-0.0014556032,-7.115979,0.0050568325,0.0012215287,0.036360726,0.99999994,1.0,,0,1
7.1368947,-0.0006866697,-0.0014233012,-7.131524,0.005099195,0.0011833836,0.03688552,0.9999998,1.0,,0,1
7.15192,-0.0006929459,-0.0013908576,-7.1470623,0.005143662,0.001145311,0.037409507,1.0,1.0,,0,1
7.166945,-0.00069907866,-0.0013584942,-7.1625915,0.0051877564,0.0011073452,0.037932675,1.0,1.0,,0,1
7.18197,-0.0007045632,-0.0013255235,-7.1781116,0.0052277744,0.0010694889,0.038455024,0.99999994,1.0,,0,1
7.196995,-0.000709692,-0.0012926031,-7.1936235,0.0052658645,0.0010318086,0.03897652,0.99999994,1.0,,0,1
7.21202,-0.00071519986,-0.0012597144,-7.2091265,0.005307127,0.0009942851,0.039497096,1.0,1.0,,0,1
7.227045,-0.0007198034,-0.0012267008,-7.224622,0.0053425278,0.00095699204,0.040016696,0.9999999,1.0,,0,1
7.24207,-0.00072468165,-0.0011935104,-7.240107,0.0053802957,0.00091993436,0.040535457,0.9999998,1.0,,0,1
7.2570953,-0.00072932616,-0.0011602808,-7.255583,0.005416878,0.0008831407,0.04105314,0.99999994,1.0,,0,1
7.27212,-0.00073354505,-0.001126729,-7.27105,0.005450828,0.0008466401,0.04156985,1.0,1.0,,0,1
7.287145,-0.000737668,-0.0010933168,-7.286507,0.0054845572,0.00081047526,0.04208557,1.0,1.0,,0,1
7.3021703,-0.0007417472,-0.0010599848,-7.301955,0.0055184127,0.0007746684,0.04260021,0.9999999,1.0,,0,1
7.3171954,-0.00074525364,-0.0010261647,-7.3173943,0.0055484767,0.0007392426,0.04311376,1.0,1.0,,0,1
7.3322206,-0.00074852165,-0.0009924714,-7.332823,0.005577232,0.0007042599,0.043626253,1.0,1.0,,0,1
7.347245,-0.00075183064,-0.0009589158,-7.348241,0.0056066783,0.0006697116,0.044137616,0.99999994,1.0,,0,1
7.3622704,-0.00075461715,-0.0009252485,-7.363651,0.00563268,0.0006356354,0.044647794,1.0,1.0,,0,1
7.3772955,-0.0007573562,-0.0008917507,-7.379049,0.0056587015,0.000602092,0.045156818,1.0,1.0,,0,1
7.3923206,-0.0007597422,-0.00085773505,-7.394437,0.005682397,0.0005690767,0.045664586,0.99999994,1.0,,0,1
7.407346,-0.000761617,-0.0008238163,-7.409816,0.0057026795,0.0005366553,0.046171233,0.99999994,1.0,,0,1
7.4223704,-0.0007638559,-0.0007900838,-7.425184,0.005725958,0.00050482043,0.046676498,0.99999994,1.0,,0,1
7.4373956,-0.0007654736,-0.000756491,-7.440541,0.005744976,0.0004736423,0.04718058,1.0,1.0,,0,1
7.4524207,-0.0007667402,-0.0007222779,-7.4558873,0.005761593,0.0004431316,0.04768327,1.0,1.0,,0,1
7.467446,-0.00076810457,-0.000688592,-7.4712224,0.0057792594,0.00041334573,0.04818475,1.0,1.0,,0,1
7.482471,-0.00076847244,-0.0006549712,-7.48655,0.005789783,0.00038429684,0.048684876,0.99999994,1.0,,0,1
7.4974957,-0.0007693656,-0.0006212704,-7.501861,0.0058044265,0.00035601828,0.049183555,0.99999994,1.0,,0,1
7.512521,-0.0007695332,-0.00058740936,-7.5171657,0.005813867,0.00032854796,0.049680933,1.0,1.0,,0,1
7.527546,-0.0007694196,-0.0005537942,-7.532456,0.0058214283,0.00030192765,0.050176762,1.0,1.0,,0,1
7.542571,-0.0007693609,-0.00052024424,-7.5477366,0.005829602,0.00027618214,0.050671257,0.99999994,1.0,,0,1
7.557596,-0.0007688645,-0.0004864484,-7.563007,0.0058346502,0.0002513418,0.051164243,0.99999994,1.0,,0,1
7.572621,-0.00076838303,-0.00045315176,-7.578264,0.0058400263,0.00022744879,0.051655702,0.99999994,1.0,,0,1
7.587646,-0.0007668929,-0.0004196372,-7.593509,0.005837922,0.00020454764,0.05214572,1.0,1.0,,0,1
7.602671,-0.0007656291,-0.00038630888,-7.608743,0.005837685,0.00018265833,0.052634187,1.0,1.0,,0,1
7.6176963,-0.00076380465,-0.00035322458,-7.623965,0.0058333403,0.00016181935,0.053121086,1.0,1.0,,0,1
7.632721,-0.00076168217,-0.00032003038,-7.639175,0.0058268383,0.00014206876,0.053606384,1.0,1.0,,0,1
7.647746,-0.0007594889,-0.00028706342,-7.6543736,0.0058199186,0.00012344419,0.05409013,0.99999994,1.0,,0,1
7.662771,-0.00075686164,-0.00025391206,-7.6695595,0.0058097737,0.00010597544,0.054572243,0.99999994,1.0,,0,1
7.6777964,-0.0007540537,-0.00022109784,-7.6847334,0.00579835,8.970095e-05,0.055052646,0.99999994,1.0,,0,1
7.6928215,-0.000750849,-0.00018846802,-7.6998944,0.005783966,7.466284e-05,0.055531472,0.99999994,1.0,,0,1
7.707846,-0.00074738916,-0.00015594624,-7.7150416,0.005767688,6.0889957e-05,0.05600859,0.9999999,1.0,,0,1
7.7228713,-0.00074340496,-0.00012330152,-7.7301774,0.0057474226,4.841885e-05,0.05648393,0.9999999,1.0,,0,1
7.7378964,-0.00073915813,-9.134784e-05,-7.7453012,0.0057251854,3.7287835e-05,0.05695754,0.9999998,1.0,,0,1
7.7529216,-0.0007350221,-5.928427e-05,-7.7604113,0.0057038423,2.753473e-05,0.05742948,0.9999998,1.0,,0,1
7.7679467,-0.0007302407,-2.7017668e-05,-7.775508,0.0056775236,1.919578e-05,0.057899617,0.99999994,1.0,,0,1
7.7829714,-0.00072513055,4.5541674e-06,-7.7905936,0.0056486735,1.2305866e-05,0.05836791,1.0,1.0,,0,1
7.7979965,-0.0007195361,3.595464e-05,-7.805664,0.0056160544,6.90622e-06,0.058834422,1.0,1.0,,0,1
7.8130217,-0.00071382895,6.758608e-05,-7.8207235,0.005582559,3.0300157e-06,0.059299096,1.0,1.0,,0,1
7.828047,-0.00070749037,9.87798e-05,-7.835768,0.00554411,7.1677283e-07,0.059761867,1.0,1.0,,0,1
7.843072,-0.0007012198,0.00012957305,-7.850797,0.0055061677,2.9549483e-09,0.060222816,1.0,1.0,,0,1
7.8580966,-0.00069452636,0.0001606755,-7.8658147,0.0054648956,9.2570986e-07,0.060681935,1.0,1.0,,0,1
7.8731217,-0.0006875014,0.0001912769,-7.880819,0.005420977,3.5240612e-06,0.06113896,1.0,1.0,,0,1
7.888147,-0.00068005826,0.00022151321,-7.895808,0.0053737145,7.833258e-06,0.06159421,1.0,1.0,,0,1
7.903172,-0.0006720815,0.00025177188,-7.9107842,0.0053221984,1.3891114e-05,0.062047314,1.0,1.0,,0,1
7.918197,-0.0006639967,0.0002816189,-7.9257464,0.0052697584,2.1738479e-05,0.062498663,1.0,1.0,,0,1
7.933222,-0.00065533724,0.00031116046,-7.9406943,0.005212699,3.140714e-05,0.06294796,0.99999994,1.0,,0,1
7.948247,-0.0006465949,0.00034081377,-7.9556284,0.0051549296,4.294486e-05,0.063395135,1.0,1.0,,0,1
7.963272,-0.00063741766,0.0003697574,-7.970548,0.0050936,5.637871e-05,0.06384037,1.0,1.0,,0,1
7.978297,-0.00062764995,0.0003987532,-7.9854527,0.005027513,7.175199e-05,0.06428357,1.0,1.0,,0,1
7.9933224,-0.00061787944,0.00042739697,-8.000343,0.0049613095,8.910131e-05,0.06472464,0.99999994,1.0,,0,1
8.0083475,-0.00060759764,0.00045585353,-8.015219,0.0048909485,0.000108467626,0.065163665,1.0,1.0,,0,1
8.023373,-0.00059707835,0.00048375037,-8.030081,0.004818575,0.00012987948,0.06560059,1.0,1.0,,0,1
8.038397,-0.0005858904,0.0005115196,-8.044926,0.004740778,0.00015339292,0.06603528,1.0,1.0,,0,1
8.053422,-0.00057451986,0.000539056,-8.059757,0.0046614343,0.00017902417,0.06646801,1.0,1.0,,0,1
8.068447,-0.0005627321,0.0005663773,-8.074574,0.004578671,0.00020683005,0.0668984,1.0,1.0,,0,1
8.083472,-0.00055065006,0.00059310626,-8.0893755,0.0044934275,0.00023683494,0.06732678,1.0,1.0,,0,1
8.098497,-0.00053814985,0.0006197402,-8.10416,0.004404779,0.0002690786,0.06775287,1.0,1.0,,0,1
8.113523,-0.0005250573,0.0006459905,-8.118933,0.0043113003,0.0003035995,0.06817683,0.99999994,1.0,,0,1
8.128548,-0.0005119471,0.0006718887,-8.133687,0.0042176167,0.0003404429,0.06859856,0.99999994,1.0,,0,1
8.143573,-0.0004981952,0.0006974228,-8.148428,0.004118736,0.00037964652,0.06901801,0.99999994,1.0,,0,1
8.158598,-0.00048397854,0.0007228423,-8.163153,0.004016142,0.00042123804,0.06943517,0.9999999,1.0,,0,1
8.173623,-0.00046963803,0.000747581,-8.17786,0.0039124996,0.00046525578,0.069850184,0.99999994,1.0,,0,1
8.188647,-0.00045472383,0.0007719854,-8.1925535,0.0038042937,0.000511749,0.07026276,1.0,1.0,,0,1
8.203672,-0.00043965783,0.0007962752,-8.207231,0.003694999,0.0005607467,0.07067313,1.0,1.0,,0,1
8.218698,-0.0004238831,0.000820213,-8.221891,0.0035801625,0.000612279,0.07108119,0.99999994,1.0,,0,1
8.233723,-0.00040779356,0.00084347,-8.236537,0.0034629332,0.00066640554,0.07148688,0.99999994,1.0,,0,1
8.248748,-0.00039127748,0.0008666003,-8.251167,0.0033426327,0.00072314474,0.07189024,0.99999994,1.0,,0,1
8.263773,-0.00037430786,0.0008895872,-8.2657795,0.0032191614,0.00078253186,0.072291315,0.9999999,1.0,,0,1
8.278798,-0.0003573792,0.00091165584,-8.2803755,0.0030963568,0.00084461906,0.07268992,1.0,1.0,,0,1
8.293823,-0.0003394233,0.0009333715,-8.294957,0.002966072,0.00090942846,0.07308618,1.0,1.0,,0,1
8.308848,-0.0003213212,0.00095481146,-8.309522,0.002835516,0.0009770133,0.073480025,0.99999994,1.0,,0,1
8.3238735,-0.00030281115,0.00097629894,-8.324067,0.002703003,0.001047406,0.07387149,0.99999994,1.0,,0,1
8.338898,-0.0002838606,0.0009967061,-8.338596,0.0025682144,0.0011206144,0.07426049,1.0,1.0,,0,1
8.353923,-0.00026448164,0.0010169698,-8.353109,0.0024320113,0.00119672,0.07464705,1.0,1.0,,0,1
8.368948,-0.00024487264,0.0010368507,-8.367607,0.0022963465,0.0012757389,0.07503115,0.9999999,1.0,,0,1
8.383973,-0.00022426154,0.0010562604,-8.382088,0.0021561703,0.0013576967,0.07541279,1.0,1.0,,0,1
8.398998,-0.00020385254,0.0010753479,-8.39655,0.0020213868,0.0014426359,0.07579207,1.0,1.0,,0,1
8.414023,-0.00018287078,0.0010939026,-8.4109955,0.0018874187,0.0015305997,0.0761687,1.0,1.0,,0,1
8.429049,-0.00016124453,0.0011119274,-8.425425,0.0017555569,0.0016216369,0.07654286,0.99999994,1.0,,0,1
8.444074,-0.00013933238,0.0011295099,-8.4398365,0.0016305175,0.0017157433,0.076914616,1.0,1.0,,0,1
8.459099,-0.000116874464,0.001146757,-8.454229,0.0015137153,0.0018129861,0.077283785,1.0,1.0,,0,1
8.474124,-9.393506e-05,0.0011632172,-8.468607,0.0014092121,0.001913394,0.07765044,1.0,1.0,,0,1
8.489148,-7.091742e-05,0.0011796225,-8.482965,0.0013241653,0.0020170005,0.0780145,1.0,1.0,,0,1
8.504173,-4.7178008e-05,0.0011953181,-8.497307,0.001260751,0.0021238327,0.07837602,1.0,1.0,,0,1
8.519198,-2.2935681e-05,0.0012106309,-8.51163,0.0012262699,0.0022339458,0.07873498,0.99999994,1.0,,0,1
8.534224,1.8719584e-06,0.0012255618,-8.525936,0.0012256658,0.0023473382,0.07909139,0.99999994,1.0,,0,1
8.549249,2.7066097e-05,0.0012396341,-8.540225,0.001261001,0.0024640705,0.07944527,0.99999994,1.0,,0,1
8.564274,5.2062795e-05,0.0012535919,-8.554495,0.0013303572,0.0025841864,0.07979654,1.0,1.0,,0,1
8.579299,7.841922e-05,0.0012670476,-8.568748,0.0014342039,0.0027076944,0.08014514,1.0,1.0,,0,1
8.594324,0.00010495912,0.0012798952,-8.582981,0.0015651531,0.0028346565,0.08049115,1.0,1.0,,0,1
8.609349,0.00013190974,0.0012922296,-8.5971985,0.001719295,0.0029650985,0.080834545,1.0,1.0,,0,1
8.624374,0.00015912298,0.001303806,-8.611395,0.0018914602,0.0030990054,0.08117532,0.99999994,1.0,,0,1
8.639399,0.00018729642,0.0013154475,-8.625574,0.0020833826,0.0032364666,0.08151347,1.0,1.0,,0,1
8.654424,0.00021551829,0.0013259314,-8.639734,0.0022859108,0.0033775063,0.08184895,1.0,1.0,,0,1
8.669449,0.00024419464,0.0013361825,-8.653877,0.0025002756,0.0035221553,0.08218177,1.0,1.0,,0,1
8.684474,0.00027348474,0.0013459018,-8.668001,0.0027260575,0.0036704438,0.08251186,0.99999994,1.0,,0,1
8.699499,0.0003033979,0.0013553407,-8.682107,0.0029624465,0.0038223574,0.08283953,0.9999999,1.0,,0,1
8.714524,0.0003330689,0.0013640104,-8.696195,0.0032016376,0.003978028,0.083164275,0.99999994,1.0,,0,1
8.729549,0.00036425889,0.0013719695,-8.710264,0.0034568403,0.0041373805,0.083486415,1.0,1.0,,0,1
8.744575,0.0003952887,0.0013796659,-8.724313,0.0037145054,0.004300511,0.08380589,1.0,1.0,,0,1
8.7596,0.00042706914,0.0013866043,-8.738341,0.0039813225,0.004467457,0.08412266,1.0,1.0,,0,1
8.774625,0.00045912433,0.0013930714,-8.752354,0.004253238,0.004638199,0.08443677,1.0,1.0,,0,1
8.789649,0.0004917793,0.0013988875,-8.766344,0.004532616,0.0048127635,0.08474815,1.0,1.0,,0,1
8.804674,0.0005251821,0.0014044112,-8.780319,0.004820653,0.004991218,0.08505679,1.0,1.0,,0,1
8.819699,0.00055867154,0.0014089094,-8.794271,0.0051114317,0.005173632,0.08536274,1.0,1.0,,0,1
8.834724,0.0005927086,0.0014135018,-8.8082075,0.0054090074,0.0053599486,0.08566603,1.0,1.0,,0,1
8.84975,0.0006272653,0.0014168005,-8.822122,0.0057126824,0.0055502625,0.08596646,1.0,1.0,,0,1
8.864775,0.0006624488,0.0014201514,-8.836017,0.00602365,0.005744547,0.086264275,1.0,1.0,,0,1
8.8798,0.00069821347,0.0014225487,-8.849895,0.0063412255,0.0059428997,0.08655931,1.0,1.0,,0,1
8.894825,0.0007342817,0.0014243722,-8.863752,0.006663056,0.006145301,0.08685157,1.0,1.0,,0,1
8.90985,0.00077069644,0.0014257673,-8.877588,0.0069894837,0.006351728,0.08714111,1.0,1.0,,0,1
8.924875,0.00080780126,0.0014263913,-8.891407,0.0073233955,0.0065623373,0.087427914,0.99999994,1.0,,0,1
8.939899,0.00084552914,0.0014265571,-8.905206,0.007664259,0.0067770397,0.08771196,1.0,1.0,,0,1
8.954925,0.000883786,0.0014261315,-8.9189825,0.008011213,0.006995905,0.08799331,1.0,1.0,,0,1
8.96995,0.000922394,0.001425067,-8.93274,0.008362673,0.0072189686,0.08827179,1.0,1.0,,0,1
8.984975,0.0009616539,0.0014230553,-8.946481,0.008721227,0.007446314,0.08854752,0.99999994,1.0,,0,1
9.0,0.0010012407,0.0014208686,-8.960197,0.009084125,0.007677811,0.088820614,1.0,1.0,,0,1
