s,x_0,p_0,res,sigma_min,tau,stable,bif_flag,arc_err,curv,tangent_cos
0.0,2.0007264614105225,-3.9992623329162598,0.0036439895629882812,4.001452922821045,1.0,0,0,1.1988877446356128e-08,0.05667465552687645,1.0
0.08860759437084198,1.9786783456802368,-3.9132955074310303,0.0018725395202636719,3.9573566913604736,1.0,0,0,8.034721759031527e-06,0.029957294464111328,0.9999974966049194
0.17721518874168396,1.9564114809036255,-3.8272318840026855,0.0003139972686767578,3.912822961807251,1.0,0,0,1.1437704415584449e-05,0.022183822467923164,0.9999978542327881
0.26582276821136475,1.9339853525161743,-3.741238594055176,0.0009393692016601562,3.8679707050323486,1.0,0,0,5.4036772780818865e-06,0.027630211785435677,0.999998152256012
0.3544303774833679,1.9114370346069336,-3.655421257019043,0.0018296241760253906,3.822874069213867,1.0,0,0,1.2350233191682491e-07,0.03259389102458954,0.9999984502792358
0.4430379867553711,1.8887799978256226,-3.5698318481445312,0.0023419857025146484,3.777559995651245,1.0,0,0,3.8928592402953655e-06,0.034182365983724594,0.9999983310699463
0.5316455364227295,1.866011619567871,-3.484485626220703,0.0024862289428710938,3.732023239135742,1.0,0,0,1.780746788426768e-05,0.03326873108744621,0.9999980330467224
0.6202531456947327,1.8431124687194824,-3.399365186691284,0.0023016929626464844,3.686224937438965,1.0,0,0,3.70668713003397e-05,0.03157002851366997,0.9999975562095642
0.7088607549667358,1.820054292678833,-3.3144330978393555,0.0018355846405029297,3.640108585357666,1.0,0,0,5.465824870043434e-05,0.0308951698243618,0.999997079372406
0.797468364238739,1.7968004941940308,-3.2296457290649414,0.001153707504272461,3.5936009883880615,1.0,0,0,6.479425792349502e-05,0.032402150332927704,0.9999963641166687
0.8860759735107422,1.7733110189437866,-3.1449532508850098,0.00032138824462890625,3.5466220378875732,1.0,0,0,6.47530032438226e-05,0.03603517264127731,0.9999953508377075
0.9746835231781006,1.749542474746704,-3.060309886932373,0.0005888938903808594,3.499084949493408,1.0,0,0,5.5291100579779595e-05,0.04093092679977417,0.9999942779541016
1.063291072845459,1.7254526615142822,-2.9756760597229004,0.0015108585357666016,3.4509053230285645,1.0,0,0,3.976253719883971e-05,0.046193331480026245,0.999993085861206
1.151898741722107,1.7010012865066528,-2.891022205352783,0.0023832321166992188,3.4020025730133057,1.0,0,0,2.2772625015932135e-05,0.05121937021613121,0.9999918341636658
1.2405062913894653,1.6761494874954224,-2.8063299655914307,0.003147125244140625,3.3522989749908447,1.0,0,0,8.785060344962403e-06,0.0556904636323452,0.9999903440475464
1.3291139602661133,1.6508640050888062,-2.7215912342071533,0.003760814666748047,3.3017280101776123,1.0,0,0,1.030482280839351e-06,0.059488747268915176,0.9999887943267822
1.4177215099334717,1.6251134872436523,-2.6368117332458496,0.004182100296020508,3.2502269744873047,1.0,0,0,8.920711707105511e-07,0.06262395530939102,0.9999873638153076
1.50632905960083,1.5988727807998657,-2.552004337310791,0.004389762878417969,3.1977455615997314,1.0,0,0,7.802592335792724e-06,0.06518025696277618,0.9999858140945435
1.594936728477478,1.5721205472946167,-2.4671943187713623,0.004368782043457031,3.1442410945892334,1.0,0,0,1.9545203031157143e-05,0.06727716326713562,0.9999842047691345
1.6835442781448364,1.5448410511016846,-2.3824150562286377,0.004118919372558594,3.089682102203369,1.0,0,0,3.2877007470233366e-05,0.06903994083404541,0.9999828338623047
1.7721519470214844,1.517025113105774,-2.2977051734924316,0.003659963607788086,3.034050226211548,1.0,0,0,4.429349064594135e-05,0.07057609409093857,0.9999816417694092
1.8607594966888428,1.4886668920516968,-2.2131106853485107,0.0030183792114257812,2.9773337841033936,1.0,0,0,5.0796490540960804e-05,0.07196126133203506,0.9999805092811584
1.9493670463562012,1.4597680568695068,-2.1286773681640625,0.0022454261779785156,2.9195361137390137,1.0,0,0,5.058600436314009e-05,0.07323296368122101,0.9999796152114868
2.0379745960235596,1.4303343296051025,-2.0444540977478027,0.001402139663696289,2.860668659210205,1.0,0,0,4.348951188148931e-05,0.0743938684463501,0.9999790787696838
2.126582145690918,1.4003764390945435,-1.9604871273040771,0.0005670785903930664,2.800752878189087,1.0,0,0,3.1133164156926796e-05,0.07542551308870316,0.9999787211418152
2.2151899337768555,1.3699092864990234,-1.876822590827942,0.00017118453979492188,2.739818572998047,1.0,0,0,1.6761849110480398e-05,0.07631034404039383,0.9999786615371704
2.303797483444214,1.3389503955841064,-1.7934998273849487,0.0007116794586181641,2.677900791168213,1.0,0,0,4.778336915478576e-06,0.07706007361412048,0.9999788999557495
2.3924050331115723,1.3075178861618042,-1.7105525732040405,0.0009495019912719727,2.6150357723236084,1.0,0,0,6.0040861171728466e-09,0.0777491107583046,0.9999791383743286
2.4810125827789307,1.2756273746490479,-1.628008484840393,0.0007833242416381836,2.5512547492980957,1.0,0,0,6.832172402937431e-06,0.07855460792779922,0.9999791383743286
2.569620132446289,1.2432891130447388,-1.5458897352218628,0.00012195110321044922,2.4865782260894775,1.0,0,0,2.837360807461664e-05,0.07980100810527802,0.9999788999557495
2.6582279205322266,1.2105046510696411,-1.4642117023468018,0.0011098384857177734,2.4210093021392822,1.0,0,0,6.582410424016416e-05,0.08201203495264053,0.9999779462814331
2.746835470199585,1.1772605180740356,-1.382986068725586,0.0029562711715698242,2.3545210361480713,1.0,0,0,0.00011813184391940013,0.08595138043165207,0.9999757409095764
2.8354430198669434,1.1435226202011108,-1.3022232055664062,0.005420804023742676,2.2870452404022217,1.0,0,0,0.00018213347357232124,0.09262025356292725,0.9999716877937317
2.9240505695343018,1.1092325448989868,-1.2219362258911133,0.008460640907287598,2.2184650897979736,1.0,0,0,0.00025312145589850843,0.10316172987222672,0.9999646544456482
3.01265811920166,1.074299693107605,-1.1421475410461426,0.011972308158874512,2.14859938621521,1.0,0,0,0.00032580949482508004,0.11867712438106537,0.9999528527259827
3.1012659072875977,1.0385990142822266,-1.0628931522369385,0.015794754028320312,2.077198028564453,1.0,0,0,0.0003954844723921269,0.14003700017929077,0.9999340772628784
3.189873456954956,1.0019664764404297,-0.9842299818992615,0.019706785678863525,2.0039329528808594,1.0,0,0,0.00045921490527689457,0.16777993738651276,0.9999049305915833
3.2784810066223145,0.9641999006271362,-0.9062458872795105,0.023435533046722412,1.9283998012542725,1.0,0,0,0.0005170347285456955,0.20211875438690186,0.9998612999916077
3.367088556289673,0.9250596165657043,-0.8290644288063049,0.026670873165130615,1.8501192331314087,1.0,0,0,0.0005729194381274283,0.24301333725452423,0.9997978210449219
3.4556961059570312,0.8842770457267761,-0.7528622150421143,0.029083669185638428,1.7685540914535522,1.0,0,0,0.0006358367973007262,0.29028138518333435,0.9997086524963379
3.5443038940429688,0.8415611386299133,-0.6778738498687744,0.03035128116607666,1.6831222772598267,1.0,0,0,0.0007214018842205405,0.34372881054878235,0.9995869398117065
3.632911443710327,0.7966122627258301,-0.6044077277183533,0.030183374881744385,1.5932245254516602,1.0,0,0,0.0008543231524527073,0.4032638967037201,0.999424934387207
3.7215189933776855,0.7491395473480225,-0.5328583121299744,0.02835172414779663,1.498279094696045,1.0,0,0,0.0010733285453170538,0.4689231216907501,0.999213695526123
3.810126543045044,0.6988763809204102,-0.4637147784233093,0.0247134268283844,1.3977527618408203,1.0,0,0,0.001437926315702498,0.5407199263572693,0.9989418983459473
3.8987340927124023,0.6456014513969421,-0.39756566286087036,0.019235581159591675,1.2912029027938843,1.0,0,0,0.002035362645983696,0.6182827949523926,0.99859619140625
3.98734188079834,0.5891572833061218,-0.3350946009159088,0.012011706829071045,1.1783145666122437,1.0,0,0,0.0029813942965120077,0.7003706097602844,0.9981622099876404
4.075949192047119,0.5294709205627441,-0.27706196904182434,0.0032774806022644043,1.0589418411254883,1.0,0,0,0.004404566716402769,0.7844790816307068,0.9976285099983215
4.164556980133057,0.4665711522102356,-0.2242787480354309,0.006590113043785095,0.9331423044204712,1.0,0,0,0.006406226195394993,0.866796612739563,0.996992290019989
4.253164768218994,0.40059977769851685,-0.17756038904190063,0.01708020269870758,0.8011995553970337,1.0,0,0,0.009000379592180252,0.9426280856132507,0.9962688684463501
4.341772079467773,0.3318209648132324,-0.13767768442630768,0.02757253497838974,0.6636419296264648,1.0,0,0,0.012057553976774216,1.007204294204712,0.9954993724822998
4.430379867553711,0.2606160044670105,-0.10530561953783035,0.037384919822216034,0.521232008934021,1.0,0,0,0.015288205817341805,1.056599497795105,0.9947525858879089
4.51898717880249,0.18747416138648987,-0.08098459243774414,0.04583803191781044,0.37494832277297974,1.0,0,0,0.018290136009454727,1.0884310007095337,0.9941161870956421
4.607594966888428,0.11296803504228592,-0.06508352607488632,0.052321746945381165,0.22593607008457184,1.0,0,0,0.020649416372179985,1.1021342277526855,0.9936742186546326
4.696202754974365,0.03772757202386856,-0.05778874084353447,0.056365370750427246,0.07545514404773712,1.0,0,0,0.022050486877560616,1.098767876625061,0.9934830069541931
4.7848100662231445,-0.03759775310754776,-0.059107352048158646,0.057693760842084885,0.07519550621509552,1.0,1,0,0.0223472248762846,1.0804916620254517,0.9935545325279236
4.873417854309082,-0.11237581819295883,-0.06887871026992798,0.05625038594007492,0.22475163638591766,1.0,1,0,0.021571466699242592,1.0499439239501953,0.9938579201698303
4.962025165557861,-0.18601925671100616,-0.0868053138256073,0.05220215022563934,0.37203851342201233,1.0,1,0,0.019892893731594086,1.009725570678711,0.9943363666534424
5.050632953643799,-0.2580171227455139,-0.11247830092906952,0.0459054633975029,0.5160342454910278,1.0,1,0,0.017559975385665894,0.9621039032936096,0.9949241280555725
5.139240741729736,-0.32794710993766785,-0.14541082084178925,0.03786151111125946,0.6558942198753357,1.0,1,0,0.014845610596239567,0.9089340567588806,0.9955624341964722
5.227848052978516,-0.3954879641532898,-0.18506206572055817,0.028651341795921326,0.7909759283065796,1.0,1,0,0.012008203193545341,0.8517245650291443,0.996204137802124
5.316455841064453,-0.4604187309741974,-0.2308666706085205,0.018881261348724365,0.9208374619483948,1.0,1,0,0.009267240762710571,0.7917491793632507,0.9968153834342957
5.405063152313232,-0.522611141204834,-0.2822473347187042,0.009124934673309326,1.045222282409668,1.0,1,0,0.006790500599890947,0.7301469445228577,0.9973746538162231
5.49367094039917,-0.5820188522338867,-0.33863839507102966,0.00010755658149719238,1.1640377044677734,1.0,1,0,0.004687953274697065,0.6679702997207642,0.997869610786438
5.582278251647949,-0.6386648416519165,-0.39948728680610657,0.008405506610870361,1.277329683303833,1.0,1,0,0.0030129814986139536,0.6061977744102478,0.9982955455780029
5.670886039733887,-0.6926267743110657,-0.464265912771225,0.01546594500541687,1.3852535486221313,1.0,1,0,0.0017683833139017224,0.5457185506820679,0.9986536502838135
5.759493827819824,-0.7440210580825806,-0.532476544380188,0.021090805530548096,1.4880421161651611,1.0,1,0,0.0009168636170215905,0.48731571435928345,0.9989482164382935
5.8481011390686035,-0.7929914593696594,-0.603647768497467,0.025187671184539795,1.5859829187393188,1.0,1,0,0.0003935665590688586,0.4316563010215759,0.9991864562034607
5.936708927154541,-0.8396993279457092,-0.6773449778556824,0.027749955654144287,1.6793986558914185,1.0,1,0,0.00011960961273871362,0.3792915642261505,0.9993761777877808
6.02531623840332,-0.8843116164207458,-0.7531605362892151,0.02884650230407715,1.7686232328414917,1.0,1,0,1.3866243534721434e-05,0.3306787312030792,0.9995254278182983
6.113924026489258,-0.9269971251487732,-0.8307189345359802,0.028604745864868164,1.8539942502975464,1.0,1,0,2.8913646019645967e-06,0.2862115502357483,0.9996415376663208
6.202531814575195,-0.9679188132286072,-0.9096729159355164,0.027193903923034668,1.9358376264572144,1.0,1,0,2.788991878333036e-05,0.24626602232456207,0.9997309446334839
6.291139125823975,-1.0072311162948608,-0.9897025227546692,0.024812042713165283,2.0144622325897217,1.0,1,0,4.900791827822104e-05,0.21125428378582,0.9997994303703308
6.379746913909912,-1.0450787544250488,-1.0705136060714722,0.021675944328308105,2.0901575088500977,1.0,1,0,4.7228455514414236e-05,0.181672140955925,0.9998515844345093
6.468354225158691,-1.0815929174423218,-1.1518348455429077,0.01800835132598877,2.1631858348846436,1.0,1,0,2.4339189621969126e-05,0.15810981392860413,0.9998908638954163
6.556962013244629,-1.1168917417526245,-1.2334192991256714,0.014027833938598633,2.233783483505249,1.0,1,0,1.5370460459962487e-06,0.14114946126937866,0.9999203681945801
6.645569801330566,-1.151081919670105,-1.3150380849838257,0.009951472282409668,2.30216383934021,1.0,1,0,1.7132359062088653e-05,0.13108550012111664,0.999942421913147
6.734177112579346,-1.1842570304870605,-1.3964835405349731,0.0059812068939208984,2.368514060974121,1.0,1,0,0.00012371718185022473,0.12756268680095673,0.999958872795105
6.822784900665283,-1.2164993286132812,-1.4775642156600952,0.002306342124938965,2.4329986572265625,1.0,1,0,0.00038507310091517866,0.12946847081184387,0.9999710321426392
6.9113922119140625,-1.2478795051574707,-1.5581066608428955,0.0009033679962158203,2.4957590103149414,1.0,1,0,0.0008730590343475342,0.13525992631912231,0.9999799132347107
7.0,-1.2784583568572998,-1.637951374053955,0.0034955739974975586,2.5569167137145996,1.0,1,0,0.0016645601717755198,0.14343643188476562,0.9999863505363464
